mode,runner,scenario,bg_db,fg_db,route,split_policy,credit_mode,case,method,score
prospect,al_base_routes,SSP2M_2050,prospective_conseq_IMAGE_SSP2M_2050_PERF,mtcw_foreground_prospective,reuse,explicit,external_stageD,c3c4,"ReCiPe 2016 v1.03, midpoint (H) | acidification: terrestrial | terrestrial acidification potential (TAP)",2.9651710591805566e-05
prospect,al_base_routes,SSP2M_2050,prospective_conseq_IMAGE_SSP2M_2050_PERF,mtcw_foreground_prospective,reuse,explicit,external_stageD,net_wrapper,"ReCiPe 2016 v1.03, midpoint (H) | acidification: terrestrial | terrestrial acidification potential (TAP)",-0.24539372040283475
prospect,al_base_routes,SSP2M_2050,prospective_conseq_IMAGE_SSP2M_2050_PERF,mtcw_foreground_prospective,reuse,explicit,external_stageD,stageD_only,"ReCiPe 2016 v1.03, midpoint (H) | acidification: terrestrial | terrestrial acidification potential (TAP)",-0.24542337211342652
prospect,al_base_routes,SSP2M_2050,prospective_conseq_IMAGE_SSP2M_2050_PERF,mtcw_foreground_prospective,reuse,explicit,external_stageD,joint,"ReCiPe 2016 v1.03, midpoint (H) | acidification: terrestrial | terrestrial acidification potential (TAP)",-0.24539372040283475
prospect,al_base_routes,SSP2M_2050,prospective_conseq_IMAGE_SSP2M_2050_PERF,mtcw_foreground_prospective,reuse,explicit,external_stageD,c3c4,"ReCiPe 2016 v1.03, midpoint (H) | climate change | global warming potential (GWP100)",0.007583865290579616
prospect,al_base_routes,SSP2M_2050,prospective_conseq_IMAGE_SSP2M_2050_PERF,mtcw_foreground_prospective,reuse,explicit,external_stageD,net_wrapper,"ReCiPe 2016 v1.03, midpoint (H) | climate change | global warming potential (GWP100)",-52.754158525277056
prospect,al_base_routes,SSP2M_2050,prospective_conseq_IMAGE_SSP2M_2050_PERF,mtcw_foreground_prospective,reuse,explicit,external_stageD,stageD_only,"ReCiPe 2016 v1.03, midpoint (H) | climate change | global warming potential (GWP100)",-52.76174239056758
prospect,al_base_routes,SSP2M_2050,prospective_conseq_IMAGE_SSP2M_2050_PERF,mtcw_foreground_prospective,reuse,explicit,external_stageD,joint,"ReCiPe 2016 v1.03, midpoint (H) | climate change | global warming potential (GWP100)",-52.754158525277056
prospect,al_base_routes,SSP2M_2050,prospective_conseq_IMAGE_SSP2M_2050_PERF,mtcw_foreground_prospective,reuse,explicit,external_stageD,c3c4,"ReCiPe 2016 v1.03, midpoint (H) | climate change | global warming potential (GWP1000)",0.009627474151928427
prospect,al_base_routes,SSP2M_2050,prospective_conseq_IMAGE_SSP2M_2050_PERF,mtcw_foreground_prospective,reuse,explicit,external_stageD,net_wrapper,"ReCiPe 2016 v1.03, midpoint (H) | climate change | global warming potential (GWP1000)",-53.828292499549406
prospect,al_base_routes,SSP2M_2050,prospective_conseq_IMAGE_SSP2M_2050_PERF,mtcw_foreground_prospective,reuse,explicit,external_stageD,stageD_only,"ReCiPe 2016 v1.03, midpoint (H) | climate change | global warming potential (GWP1000)",-53.83791997370129
prospect,al_base_routes,SSP2M_2050,prospective_conseq_IMAGE_SSP2M_2050_PERF,mtcw_foreground_prospective,reuse,explicit,external_stageD,joint,"ReCiPe 2016 v1.03, midpoint (H) | climate change | global warming potential (GWP1000)",-53.828292499549406
prospect,al_base_routes,SSP2M_2050,prospective_conseq_IMAGE_SSP2M_2050_PERF,mtcw_foreground_prospective,reuse,explicit,external_stageD,c3c4,"ReCiPe 2016 v1.03, midpoint (H) | ecotoxicity: freshwater | freshwater ecotoxicity potential (FETP)",0.000907789705640897
prospect,al_base_routes,SSP2M_2050,prospective_conseq_IMAGE_SSP2M_2050_PERF,mtcw_foreground_prospective,reuse,explicit,external_stageD,net_wrapper,"ReCiPe 2016 v1.03, midpoint (H) | ecotoxicity: freshwater | freshwater ecotoxicity potential (FETP)",-2.5990471951024348
prospect,al_base_routes,SSP2M_2050,prospective_conseq_IMAGE_SSP2M_2050_PERF,mtcw_foreground_prospective,reuse,explicit,external_stageD,stageD_only,"ReCiPe 2016 v1.03, midpoint (H) | ecotoxicity: freshwater | freshwater ecotoxicity potential (FETP)",-2.599954984808076
prospect,al_base_routes,SSP2M_2050,prospective_conseq_IMAGE_SSP2M_2050_PERF,mtcw_foreground_prospective,reuse,explicit,external_stageD,joint,"ReCiPe 2016 v1.03, midpoint (H) | ecotoxicity: freshwater | freshwater ecotoxicity potential (FETP)",-2.5990471951024348
prospect,al_base_routes,SSP2M_2050,prospective_conseq_IMAGE_SSP2M_2050_PERF,mtcw_foreground_prospective,reuse,explicit,external_stageD,c3c4,"ReCiPe 2016 v1.03, midpoint (H) | ecotoxicity: marine | marine ecotoxicity potential (METP)",0.0012148768356682197
prospect,al_base_routes,SSP2M_2050,prospective_conseq_IMAGE_SSP2M_2050_PERF,mtcw_foreground_prospective,reuse,explicit,external_stageD,net_wrapper,"ReCiPe 2016 v1.03, midpoint (H) | ecotoxicity: marine | marine ecotoxicity potential (METP)",-3.586396684866912
prospect,al_base_routes,SSP2M_2050,prospective_conseq_IMAGE_SSP2M_2050_PERF,mtcw_foreground_prospective,reuse,explicit,external_stageD,stageD_only,"ReCiPe 2016 v1.03, midpoint (H) | ecotoxicity: marine | marine ecotoxicity potential (METP)",-3.5876115617025786
prospect,al_base_routes,SSP2M_2050,prospective_conseq_IMAGE_SSP2M_2050_PERF,mtcw_foreground_prospective,reuse,explicit,external_stageD,joint,"ReCiPe 2016 v1.03, midpoint (H) | ecotoxicity: marine | marine ecotoxicity potential (METP)",-3.586396684866912
prospect,al_base_routes,SSP2M_2050,prospective_conseq_IMAGE_SSP2M_2050_PERF,mtcw_foreground_prospective,reuse,explicit,external_stageD,c3c4,"ReCiPe 2016 v1.03, midpoint (H) | ecotoxicity: terrestrial | terrestrial ecotoxicity potential (TETP)",0.04091124912341189
prospect,al_base_routes,SSP2M_2050,prospective_conseq_IMAGE_SSP2M_2050_PERF,mtcw_foreground_prospective,reuse,explicit,external_stageD,net_wrapper,"ReCiPe 2016 v1.03, midpoint (H) | ecotoxicity: terrestrial | terrestrial ecotoxicity potential (TETP)",-43.56662098458346
prospect,al_base_routes,SSP2M_2050,prospective_conseq_IMAGE_SSP2M_2050_PERF,mtcw_foreground_prospective,reuse,explicit,external_stageD,stageD_only,"ReCiPe 2016 v1.03, midpoint (H) | ecotoxicity: terrestrial | terrestrial ecotoxicity potential (TETP)",-43.6075322337069
prospect,al_base_routes,SSP2M_2050,prospective_conseq_IMAGE_SSP2M_2050_PERF,mtcw_foreground_prospective,reuse,explicit,external_stageD,joint,"ReCiPe 2016 v1.03, midpoint (H) | ecotoxicity: terrestrial | terrestrial ecotoxicity potential (TETP)",-43.56662098458346
prospect,al_base_routes,SSP2M_2050,prospective_conseq_IMAGE_SSP2M_2050_PERF,mtcw_foreground_prospective,reuse,explicit,external_stageD,c3c4,"ReCiPe 2016 v1.03, midpoint (H) | energy resources: non-renewable, fossil | fossil fuel potential (FFP)",0.001921591751581362
prospect,al_base_routes,SSP2M_2050,prospective_conseq_IMAGE_SSP2M_2050_PERF,mtcw_foreground_prospective,reuse,explicit,external_stageD,net_wrapper,"ReCiPe 2016 v1.03, midpoint (H) | energy resources: non-renewable, fossil | fossil fuel potential (FFP)",-13.213758056246371
prospect,al_base_routes,SSP2M_2050,prospective_conseq_IMAGE_SSP2M_2050_PERF,mtcw_foreground_prospective,reuse,explicit,external_stageD,stageD_only,"ReCiPe 2016 v1.03, midpoint (H) | energy resources: non-renewable, fossil | fossil fuel potential (FFP)",-13.215679647997955
prospect,al_base_routes,SSP2M_2050,prospective_conseq_IMAGE_SSP2M_2050_PERF,mtcw_foreground_prospective,reuse,explicit,external_stageD,joint,"ReCiPe 2016 v1.03, midpoint (H) | energy resources: non-renewable, fossil | fossil fuel potential (FFP)",-13.213758056246371
prospect,al_base_routes,SSP2M_2050,prospective_conseq_IMAGE_SSP2M_2050_PERF,mtcw_foreground_prospective,reuse,explicit,external_stageD,c3c4,"ReCiPe 2016 v1.03, midpoint (H) | eutrophication: freshwater | freshwater eutrophication potential (FEP)",3.2907400754731505e-05
prospect,al_base_routes,SSP2M_2050,prospective_conseq_IMAGE_SSP2M_2050_PERF,mtcw_foreground_prospective,reuse,explicit,external_stageD,net_wrapper,"ReCiPe 2016 v1.03, midpoint (H) | eutrophication: freshwater | freshwater eutrophication potential (FEP)",-0.011059763904552648
prospect,al_base_routes,SSP2M_2050,prospective_conseq_IMAGE_SSP2M_2050_PERF,mtcw_foreground_prospective,reuse,explicit,external_stageD,stageD_only,"ReCiPe 2016 v1.03, midpoint (H) | eutrophication: freshwater | freshwater eutrophication potential (FEP)",-0.011092671305307377
prospect,al_base_routes,SSP2M_2050,prospective_conseq_IMAGE_SSP2M_2050_PERF,mtcw_foreground_prospective,reuse,explicit,external_stageD,joint,"ReCiPe 2016 v1.03, midpoint (H) | eutrophication: freshwater | freshwater eutrophication potential (FEP)",-0.011059763904552648
prospect,al_base_routes,SSP2M_2050,prospective_conseq_IMAGE_SSP2M_2050_PERF,mtcw_foreground_prospective,reuse,explicit,external_stageD,c3c4,"ReCiPe 2016 v1.03, midpoint (H) | eutrophication: marine | marine eutrophication potential (MEP)",6.809054861644818e-05
prospect,al_base_routes,SSP2M_2050,prospective_conseq_IMAGE_SSP2M_2050_PERF,mtcw_foreground_prospective,reuse,explicit,external_stageD,net_wrapper,"ReCiPe 2016 v1.03, midpoint (H) | eutrophication: marine | marine eutrophication potential (MEP)",-0.001671807860101794
prospect,al_base_routes,SSP2M_2050,prospective_conseq_IMAGE_SSP2M_2050_PERF,mtcw_foreground_prospective,reuse,explicit,external_stageD,stageD_only,"ReCiPe 2016 v1.03, midpoint (H) | eutrophication: marine | marine eutrophication potential (MEP)",-0.0017398984087182434
prospect,al_base_routes,SSP2M_2050,prospective_conseq_IMAGE_SSP2M_2050_PERF,mtcw_foreground_prospective,reuse,explicit,external_stageD,joint,"ReCiPe 2016 v1.03, midpoint (H) | eutrophication: marine | marine eutrophication potential (MEP)",-0.001671807860101794
prospect,al_base_routes,SSP2M_2050,prospective_conseq_IMAGE_SSP2M_2050_PERF,mtcw_foreground_prospective,reuse,explicit,external_stageD,c3c4,"ReCiPe 2016 v1.03, midpoint (H) | human toxicity: carcinogenic | human toxicity potential (HTPc)",0.004865570828304657
prospect,al_base_routes,SSP2M_2050,prospective_conseq_IMAGE_SSP2M_2050_PERF,mtcw_foreground_prospective,reuse,explicit,external_stageD,net_wrapper,"ReCiPe 2016 v1.03, midpoint (H) | human toxicity: carcinogenic | human toxicity potential (HTPc)",-45.969465873607376
prospect,al_base_routes,SSP2M_2050,prospective_conseq_IMAGE_SSP2M_2050_PERF,mtcw_foreground_prospective,reuse,explicit,external_stageD,stageD_only,"ReCiPe 2016 v1.03, midpoint (H) | human toxicity: carcinogenic | human toxicity potential (HTPc)",-45.974331444435755
prospect,al_base_routes,SSP2M_2050,prospective_conseq_IMAGE_SSP2M_2050_PERF,mtcw_foreground_prospective,reuse,explicit,external_stageD,joint,"ReCiPe 2016 v1.03, midpoint (H) | human toxicity: carcinogenic | human toxicity potential (HTPc)",-45.969465873607376
prospect,al_base_routes,SSP2M_2050,prospective_conseq_IMAGE_SSP2M_2050_PERF,mtcw_foreground_prospective,reuse,explicit,external_stageD,c3c4,"ReCiPe 2016 v1.03, midpoint (H) | human toxicity: non-carcinogenic | human toxicity potential (HTPnc)",0.02950152966352316
prospect,al_base_routes,SSP2M_2050,prospective_conseq_IMAGE_SSP2M_2050_PERF,mtcw_foreground_prospective,reuse,explicit,external_stageD,net_wrapper,"ReCiPe 2016 v1.03, midpoint (H) | human toxicity: non-carcinogenic | human toxicity potential (HTPnc)",-53.61106891684695
prospect,al_base_routes,SSP2M_2050,prospective_conseq_IMAGE_SSP2M_2050_PERF,mtcw_foreground_prospective,reuse,explicit,external_stageD,stageD_only,"ReCiPe 2016 v1.03, midpoint (H) | human toxicity: non-carcinogenic | human toxicity potential (HTPnc)",-53.640570446510424
prospect,al_base_routes,SSP2M_2050,prospective_conseq_IMAGE_SSP2M_2050_PERF,mtcw_foreground_prospective,reuse,explicit,external_stageD,joint,"ReCiPe 2016 v1.03, midpoint (H) | human toxicity: non-carcinogenic | human toxicity potential (HTPnc)",-53.61106891684695
prospect,al_base_routes,SSP2M_2050,prospective_conseq_IMAGE_SSP2M_2050_PERF,mtcw_foreground_prospective,reuse,explicit,external_stageD,c3c4,"ReCiPe 2016 v1.03, midpoint (H) | ionising radiation | ionising radiation potential (IRP)",0.00011518653325972039
prospect,al_base_routes,SSP2M_2050,prospective_conseq_IMAGE_SSP2M_2050_PERF,mtcw_foreground_prospective,reuse,explicit,external_stageD,net_wrapper,"ReCiPe 2016 v1.03, midpoint (H) | ionising radiation | ionising radiation potential (IRP)",-0.09704290648497156
prospect,al_base_routes,SSP2M_2050,prospective_conseq_IMAGE_SSP2M_2050_PERF,mtcw_foreground_prospective,reuse,explicit,external_stageD,stageD_only,"ReCiPe 2016 v1.03, midpoint (H) | ionising radiation | ionising radiation potential (IRP)",-0.0971580930182313
prospect,al_base_routes,SSP2M_2050,prospective_conseq_IMAGE_SSP2M_2050_PERF,mtcw_foreground_prospective,reuse,explicit,external_stageD,joint,"ReCiPe 2016 v1.03, midpoint (H) | ionising radiation | ionising radiation potential (IRP)",-0.09704290648497156
prospect,al_base_routes,SSP2M_2050,prospective_conseq_IMAGE_SSP2M_2050_PERF,mtcw_foreground_prospective,reuse,explicit,external_stageD,c3c4,"ReCiPe 2016 v1.03, midpoint (H) | land use | agricultural land occupation (LOP)",0.000546607131930307
prospect,al_base_routes,SSP2M_2050,prospective_conseq_IMAGE_SSP2M_2050_PERF,mtcw_foreground_prospective,reuse,explicit,external_stageD,net_wrapper,"ReCiPe 2016 v1.03, midpoint (H) | land use | agricultural land occupation (LOP)",-0.8234916545733268
prospect,al_base_routes,SSP2M_2050,prospective_conseq_IMAGE_SSP2M_2050_PERF,mtcw_foreground_prospective,reuse,explicit,external_stageD,stageD_only,"ReCiPe 2016 v1.03, midpoint (H) | land use | agricultural land occupation (LOP)",-0.824038261705257
prospect,al_base_routes,SSP2M_2050,prospective_conseq_IMAGE_SSP2M_2050_PERF,mtcw_foreground_prospective,reuse,explicit,external_stageD,joint,"ReCiPe 2016 v1.03, midpoint (H) | land use | agricultural land occupation (LOP)",-0.8234916545733268
prospect,al_base_routes,SSP2M_2050,prospective_conseq_IMAGE_SSP2M_2050_PERF,mtcw_foreground_prospective,reuse,explicit,external_stageD,c3c4,"ReCiPe 2016 v1.03, midpoint (H) | material resources: metals/minerals | surplus ore potential (SOP)",7.202820356632305e-05
prospect,al_base_routes,SSP2M_2050,prospective_conseq_IMAGE_SSP2M_2050_PERF,mtcw_foreground_prospective,reuse,explicit,external_stageD,net_wrapper,"ReCiPe 2016 v1.03, midpoint (H) | material resources: metals/minerals | surplus ore potential (SOP)",-0.9963491693587103
prospect,al_base_routes,SSP2M_2050,prospective_conseq_IMAGE_SSP2M_2050_PERF,mtcw_foreground_prospective,reuse,explicit,external_stageD,stageD_only,"ReCiPe 2016 v1.03, midpoint (H) | material resources: metals/minerals | surplus ore potential (SOP)",-0.9964211975622767
prospect,al_base_routes,SSP2M_2050,prospective_conseq_IMAGE_SSP2M_2050_PERF,mtcw_foreground_prospective,reuse,explicit,external_stageD,joint,"ReCiPe 2016 v1.03, midpoint (H) | material resources: metals/minerals | surplus ore potential (SOP)",-0.9963491693587103
prospect,al_base_routes,SSP2M_2050,prospective_conseq_IMAGE_SSP2M_2050_PERF,mtcw_foreground_prospective,reuse,explicit,external_stageD,c3c4,"ReCiPe 2016 v1.03, midpoint (H) | ozone depletion | ozone depletion potential (ODPinfinite)",1.0146793117068958e-08
prospect,al_base_routes,SSP2M_2050,prospective_conseq_IMAGE_SSP2M_2050_PERF,mtcw_foreground_prospective,reuse,explicit,external_stageD,net_wrapper,"ReCiPe 2016 v1.03, midpoint (H) | ozone depletion | ozone depletion potential (ODPinfinite)",-9.433809860927978e-06
prospect,al_base_routes,SSP2M_2050,prospective_conseq_IMAGE_SSP2M_2050_PERF,mtcw_foreground_prospective,reuse,explicit,external_stageD,stageD_only,"ReCiPe 2016 v1.03, midpoint (H) | ozone depletion | ozone depletion potential (ODPinfinite)",-9.443956654045041e-06
prospect,al_base_routes,SSP2M_2050,prospective_conseq_IMAGE_SSP2M_2050_PERF,mtcw_foreground_prospective,reuse,explicit,external_stageD,joint,"ReCiPe 2016 v1.03, midpoint (H) | ozone depletion | ozone depletion potential (ODPinfinite)",-9.433809860927978e-06
prospect,al_base_routes,SSP2M_2050,prospective_conseq_IMAGE_SSP2M_2050_PERF,mtcw_foreground_prospective,reuse,explicit,external_stageD,c3c4,"ReCiPe 2016 v1.03, midpoint (H) | particulate matter formation | particulate matter formation potential (PMFP)",1.5787818022338997e-05
prospect,al_base_routes,SSP2M_2050,prospective_conseq_IMAGE_SSP2M_2050_PERF,mtcw_foreground_prospective,reuse,explicit,external_stageD,net_wrapper,"ReCiPe 2016 v1.03, midpoint (H) | particulate matter formation | particulate matter formation potential (PMFP)",-0.08829639167405164
prospect,al_base_routes,SSP2M_2050,prospective_conseq_IMAGE_SSP2M_2050_PERF,mtcw_foreground_prospective,reuse,explicit,external_stageD,stageD_only,"ReCiPe 2016 v1.03, midpoint (H) | particulate matter formation | particulate matter formation potential (PMFP)",-0.08831217949207397
prospect,al_base_routes,SSP2M_2050,prospective_conseq_IMAGE_SSP2M_2050_PERF,mtcw_foreground_prospective,reuse,explicit,external_stageD,joint,"ReCiPe 2016 v1.03, midpoint (H) | particulate matter formation | particulate matter formation potential (PMFP)",-0.08829639167405164
prospect,al_base_routes,SSP2M_2050,prospective_conseq_IMAGE_SSP2M_2050_PERF,mtcw_foreground_prospective,reuse,explicit,external_stageD,c3c4,"ReCiPe 2016 v1.03, midpoint (H) | photochemical oxidant formation: human health | photochemical oxidant formation potential: humans (HOFP)",1.8542750608625985e-05
prospect,al_base_routes,SSP2M_2050,prospective_conseq_IMAGE_SSP2M_2050_PERF,mtcw_foreground_prospective,reuse,explicit,external_stageD,net_wrapper,"ReCiPe 2016 v1.03, midpoint (H) | photochemical oxidant formation: human health | photochemical oxidant formation potential: humans (HOFP)",-0.10166798094746664
prospect,al_base_routes,SSP2M_2050,prospective_conseq_IMAGE_SSP2M_2050_PERF,mtcw_foreground_prospective,reuse,explicit,external_stageD,stageD_only,"ReCiPe 2016 v1.03, midpoint (H) | photochemical oxidant formation: human health | photochemical oxidant formation potential: humans (HOFP)",-0.10168652369807507
prospect,al_base_routes,SSP2M_2050,prospective_conseq_IMAGE_SSP2M_2050_PERF,mtcw_foreground_prospective,reuse,explicit,external_stageD,joint,"ReCiPe 2016 v1.03, midpoint (H) | photochemical oxidant formation: human health | photochemical oxidant formation potential: humans (HOFP)",-0.10166798094746664
prospect,al_base_routes,SSP2M_2050,prospective_conseq_IMAGE_SSP2M_2050_PERF,mtcw_foreground_prospective,reuse,explicit,external_stageD,c3c4,"ReCiPe 2016 v1.03, midpoint (H) | photochemical oxidant formation: terrestrial ecosystems | photochemical oxidant formation potential: ecosystems (EOFP)",1.9715904566938874e-05
prospect,al_base_routes,SSP2M_2050,prospective_conseq_IMAGE_SSP2M_2050_PERF,mtcw_foreground_prospective,reuse,explicit,external_stageD,net_wrapper,"ReCiPe 2016 v1.03, midpoint (H) | photochemical oxidant formation: terrestrial ecosystems | photochemical oxidant formation potential: ecosystems (EOFP)",-0.10878975008102967
prospect,al_base_routes,SSP2M_2050,prospective_conseq_IMAGE_SSP2M_2050_PERF,mtcw_foreground_prospective,reuse,explicit,external_stageD,stageD_only,"ReCiPe 2016 v1.03, midpoint (H) | photochemical oxidant formation: terrestrial ecosystems | photochemical oxidant formation potential: ecosystems (EOFP)",-0.10880946598559645
prospect,al_base_routes,SSP2M_2050,prospective_conseq_IMAGE_SSP2M_2050_PERF,mtcw_foreground_prospective,reuse,explicit,external_stageD,joint,"ReCiPe 2016 v1.03, midpoint (H) | photochemical oxidant formation: terrestrial ecosystems | photochemical oxidant formation potential: ecosystems (EOFP)",-0.10878975008102967
prospect,al_base_routes,SSP2M_2050,prospective_conseq_IMAGE_SSP2M_2050_PERF,mtcw_foreground_prospective,reuse,explicit,external_stageD,c3c4,"ReCiPe 2016 v1.03, midpoint (H) | water use | water consumption potential (WCP)",0.0014162909314709914
prospect,al_base_routes,SSP2M_2050,prospective_conseq_IMAGE_SSP2M_2050_PERF,mtcw_foreground_prospective,reuse,explicit,external_stageD,net_wrapper,"ReCiPe 2016 v1.03, midpoint (H) | water use | water consumption potential (WCP)",-0.3019220889931187
prospect,al_base_routes,SSP2M_2050,prospective_conseq_IMAGE_SSP2M_2050_PERF,mtcw_foreground_prospective,reuse,explicit,external_stageD,stageD_only,"ReCiPe 2016 v1.03, midpoint (H) | water use | water consumption potential (WCP)",-0.30333837992458984
prospect,al_base_routes,SSP2M_2050,prospective_conseq_IMAGE_SSP2M_2050_PERF,mtcw_foreground_prospective,reuse,explicit,external_stageD,joint,"ReCiPe 2016 v1.03, midpoint (H) | water use | water consumption potential (WCP)",-0.3019220889931187
prospect,al_base_routes,SSP2M_2050,prospective_conseq_IMAGE_SSP2M_2050_PERF,mtcw_foreground_prospective,recycling_postcons,explicit,external_stageD,c3c4,"ReCiPe 2016 v1.03, midpoint (H) | acidification: terrestrial | terrestrial acidification potential (TAP)",0.002273075461148271
prospect,al_base_routes,SSP2M_2050,prospective_conseq_IMAGE_SSP2M_2050_PERF,mtcw_foreground_prospective,recycling_postcons,explicit,external_stageD,net_wrapper,"ReCiPe 2016 v1.03, midpoint (H) | acidification: terrestrial | terrestrial acidification potential (TAP)",-0.25100886760649577
prospect,al_base_routes,SSP2M_2050,prospective_conseq_IMAGE_SSP2M_2050_PERF,mtcw_foreground_prospective,recycling_postcons,explicit,external_stageD,stageD_only,"ReCiPe 2016 v1.03, midpoint (H) | acidification: terrestrial | terrestrial acidification potential (TAP)",-0.25328194306764407
prospect,al_base_routes,SSP2M_2050,prospective_conseq_IMAGE_SSP2M_2050_PERF,mtcw_foreground_prospective,recycling_postcons,explicit,external_stageD,joint,"ReCiPe 2016 v1.03, midpoint (H) | acidification: terrestrial | terrestrial acidification potential (TAP)",-0.25100886760649577
prospect,al_base_routes,SSP2M_2050,prospective_conseq_IMAGE_SSP2M_2050_PERF,mtcw_foreground_prospective,recycling_postcons,explicit,external_stageD,c3c4,"ReCiPe 2016 v1.03, midpoint (H) | climate change | global warming potential (GWP100)",2.7019914992130465
prospect,al_base_routes,SSP2M_2050,prospective_conseq_IMAGE_SSP2M_2050_PERF,mtcw_foreground_prospective,recycling_postcons,explicit,external_stageD,net_wrapper,"ReCiPe 2016 v1.03, midpoint (H) | climate change | global warming potential (GWP100)",-49.069418668705026
prospect,al_base_routes,SSP2M_2050,prospective_conseq_IMAGE_SSP2M_2050_PERF,mtcw_foreground_prospective,recycling_postcons,explicit,external_stageD,stageD_only,"ReCiPe 2016 v1.03, midpoint (H) | climate change | global warming potential (GWP100)",-51.77141016791806
prospect,al_base_routes,SSP2M_2050,prospective_conseq_IMAGE_SSP2M_2050_PERF,mtcw_foreground_prospective,recycling_postcons,explicit,external_stageD,joint,"ReCiPe 2016 v1.03, midpoint (H) | climate change | global warming potential (GWP100)",-49.069418668705026
prospect,al_base_routes,SSP2M_2050,prospective_conseq_IMAGE_SSP2M_2050_PERF,mtcw_foreground_prospective,recycling_postcons,explicit,external_stageD,c3c4,"ReCiPe 2016 v1.03, midpoint (H) | climate change | global warming potential (GWP1000)",2.7415049584449127
prospect,al_base_routes,SSP2M_2050,prospective_conseq_IMAGE_SSP2M_2050_PERF,mtcw_foreground_prospective,recycling_postcons,explicit,external_stageD,net_wrapper,"ReCiPe 2016 v1.03, midpoint (H) | climate change | global warming potential (GWP1000)",-49.93114829983491
prospect,al_base_routes,SSP2M_2050,prospective_conseq_IMAGE_SSP2M_2050_PERF,mtcw_foreground_prospective,recycling_postcons,explicit,external_stageD,stageD_only,"ReCiPe 2016 v1.03, midpoint (H) | climate change | global warming potential (GWP1000)",-52.6726532582798
prospect,al_base_routes,SSP2M_2050,prospective_conseq_IMAGE_SSP2M_2050_PERF,mtcw_foreground_prospective,recycling_postcons,explicit,external_stageD,joint,"ReCiPe 2016 v1.03, midpoint (H) | climate change | global warming potential (GWP1000)",-49.93114829983491
prospect,al_base_routes,SSP2M_2050,prospective_conseq_IMAGE_SSP2M_2050_PERF,mtcw_foreground_prospective,recycling_postcons,explicit,external_stageD,c3c4,"ReCiPe 2016 v1.03, midpoint (H) | ecotoxicity: freshwater | freshwater ecotoxicity potential (FETP)",0.859769448689496
prospect,al_base_routes,SSP2M_2050,prospective_conseq_IMAGE_SSP2M_2050_PERF,mtcw_foreground_prospective,recycling_postcons,explicit,external_stageD,net_wrapper,"ReCiPe 2016 v1.03, midpoint (H) | ecotoxicity: freshwater | freshwater ecotoxicity potential (FETP)",-1.4720959459422949
prospect,al_base_routes,SSP2M_2050,prospective_conseq_IMAGE_SSP2M_2050_PERF,mtcw_foreground_prospective,recycling_postcons,explicit,external_stageD,stageD_only,"ReCiPe 2016 v1.03, midpoint (H) | ecotoxicity: freshwater | freshwater ecotoxicity potential (FETP)",-2.3318653946317913
prospect,al_base_routes,SSP2M_2050,prospective_conseq_IMAGE_SSP2M_2050_PERF,mtcw_foreground_prospective,recycling_postcons,explicit,external_stageD,joint,"ReCiPe 2016 v1.03, midpoint (H) | ecotoxicity: freshwater | freshwater ecotoxicity potential (FETP)",-1.4720959459422949
prospect,al_base_routes,SSP2M_2050,prospective_conseq_IMAGE_SSP2M_2050_PERF,mtcw_foreground_prospective,recycling_postcons,explicit,external_stageD,c3c4,"ReCiPe 2016 v1.03, midpoint (H) | ecotoxicity: marine | marine ecotoxicity potential (METP)",1.1872886879159776
prospect,al_base_routes,SSP2M_2050,prospective_conseq_IMAGE_SSP2M_2050_PERF,mtcw_foreground_prospective,recycling_postcons,explicit,external_stageD,net_wrapper,"ReCiPe 2016 v1.03, midpoint (H) | ecotoxicity: marine | marine ecotoxicity potential (METP)",-2.0652494884192465
prospect,al_base_routes,SSP2M_2050,prospective_conseq_IMAGE_SSP2M_2050_PERF,mtcw_foreground_prospective,recycling_postcons,explicit,external_stageD,stageD_only,"ReCiPe 2016 v1.03, midpoint (H) | ecotoxicity: marine | marine ecotoxicity potential (METP)",-3.2525381763352272
prospect,al_base_routes,SSP2M_2050,prospective_conseq_IMAGE_SSP2M_2050_PERF,mtcw_foreground_prospective,recycling_postcons,explicit,external_stageD,joint,"ReCiPe 2016 v1.03, midpoint (H) | ecotoxicity: marine | marine ecotoxicity potential (METP)",-2.0652494884192465
prospect,al_base_routes,SSP2M_2050,prospective_conseq_IMAGE_SSP2M_2050_PERF,mtcw_foreground_prospective,recycling_postcons,explicit,external_stageD,c3c4,"ReCiPe 2016 v1.03, midpoint (H) | ecotoxicity: terrestrial | terrestrial ecotoxicity potential (TETP)",38.20887220671325
prospect,al_base_routes,SSP2M_2050,prospective_conseq_IMAGE_SSP2M_2050_PERF,mtcw_foreground_prospective,recycling_postcons,explicit,external_stageD,net_wrapper,"ReCiPe 2016 v1.03, midpoint (H) | ecotoxicity: terrestrial | terrestrial ecotoxicity potential (TETP)",4.887277097377529
prospect,al_base_routes,SSP2M_2050,prospective_conseq_IMAGE_SSP2M_2050_PERF,mtcw_foreground_prospective,recycling_postcons,explicit,external_stageD,stageD_only,"ReCiPe 2016 v1.03, midpoint (H) | ecotoxicity: terrestrial | terrestrial ecotoxicity potential (TETP)",-33.321595109335725
prospect,al_base_routes,SSP2M_2050,prospective_conseq_IMAGE_SSP2M_2050_PERF,mtcw_foreground_prospective,recycling_postcons,explicit,external_stageD,joint,"ReCiPe 2016 v1.03, midpoint (H) | ecotoxicity: terrestrial | terrestrial ecotoxicity potential (TETP)",4.887277097377529
prospect,al_base_routes,SSP2M_2050,prospective_conseq_IMAGE_SSP2M_2050_PERF,mtcw_foreground_prospective,recycling_postcons,explicit,external_stageD,c3c4,"ReCiPe 2016 v1.03, midpoint (H) | energy resources: non-renewable, fossil | fossil fuel potential (FFP)",0.8081948947547558
prospect,al_base_routes,SSP2M_2050,prospective_conseq_IMAGE_SSP2M_2050_PERF,mtcw_foreground_prospective,recycling_postcons,explicit,external_stageD,net_wrapper,"ReCiPe 2016 v1.03, midpoint (H) | energy resources: non-renewable, fossil | fossil fuel potential (FFP)",-12.085138683269768
prospect,al_base_routes,SSP2M_2050,prospective_conseq_IMAGE_SSP2M_2050_PERF,mtcw_foreground_prospective,recycling_postcons,explicit,external_stageD,stageD_only,"ReCiPe 2016 v1.03, midpoint (H) | energy resources: non-renewable, fossil | fossil fuel potential (FFP)",-12.893333578024524
prospect,al_base_routes,SSP2M_2050,prospective_conseq_IMAGE_SSP2M_2050_PERF,mtcw_foreground_prospective,recycling_postcons,explicit,external_stageD,joint,"ReCiPe 2016 v1.03, midpoint (H) | energy resources: non-renewable, fossil | fossil fuel potential (FFP)",-12.085138683269768
prospect,al_base_routes,SSP2M_2050,prospective_conseq_IMAGE_SSP2M_2050_PERF,mtcw_foreground_prospective,recycling_postcons,explicit,external_stageD,c3c4,"ReCiPe 2016 v1.03, midpoint (H) | eutrophication: freshwater | freshwater eutrophication potential (FEP)",0.0005339369087701434
prospect,al_base_routes,SSP2M_2050,prospective_conseq_IMAGE_SSP2M_2050_PERF,mtcw_foreground_prospective,recycling_postcons,explicit,external_stageD,net_wrapper,"ReCiPe 2016 v1.03, midpoint (H) | eutrophication: freshwater | freshwater eutrophication potential (FEP)",-0.010541278988047818
prospect,al_base_routes,SSP2M_2050,prospective_conseq_IMAGE_SSP2M_2050_PERF,mtcw_foreground_prospective,recycling_postcons,explicit,external_stageD,stageD_only,"ReCiPe 2016 v1.03, midpoint (H) | eutrophication: freshwater | freshwater eutrophication potential (FEP)",-0.011075215896817966
prospect,al_base_routes,SSP2M_2050,prospective_conseq_IMAGE_SSP2M_2050_PERF,mtcw_foreground_prospective,recycling_postcons,explicit,external_stageD,joint,"ReCiPe 2016 v1.03, midpoint (H) | eutrophication: freshwater | freshwater eutrophication potential (FEP)",-0.010541278988047818
prospect,al_base_routes,SSP2M_2050,prospective_conseq_IMAGE_SSP2M_2050_PERF,mtcw_foreground_prospective,recycling_postcons,explicit,external_stageD,c3c4,"ReCiPe 2016 v1.03, midpoint (H) | eutrophication: marine | marine eutrophication potential (MEP)",1.845074936448029e-05
prospect,al_base_routes,SSP2M_2050,prospective_conseq_IMAGE_SSP2M_2050_PERF,mtcw_foreground_prospective,recycling_postcons,explicit,external_stageD,net_wrapper,"ReCiPe 2016 v1.03, midpoint (H) | eutrophication: marine | marine eutrophication potential (MEP)",-0.0010325449677317093
prospect,al_base_routes,SSP2M_2050,prospective_conseq_IMAGE_SSP2M_2050_PERF,mtcw_foreground_prospective,recycling_postcons,explicit,external_stageD,stageD_only,"ReCiPe 2016 v1.03, midpoint (H) | eutrophication: marine | marine eutrophication potential (MEP)",-0.0010509957170961894
prospect,al_base_routes,SSP2M_2050,prospective_conseq_IMAGE_SSP2M_2050_PERF,mtcw_foreground_prospective,recycling_postcons,explicit,external_stageD,joint,"ReCiPe 2016 v1.03, midpoint (H) | eutrophication: marine | marine eutrophication potential (MEP)",-0.0010325449677317093
prospect,al_base_routes,SSP2M_2050,prospective_conseq_IMAGE_SSP2M_2050_PERF,mtcw_foreground_prospective,recycling_postcons,explicit,external_stageD,c3c4,"ReCiPe 2016 v1.03, midpoint (H) | human toxicity: carcinogenic | human toxicity potential (HTPc)",0.46388443468672624
prospect,al_base_routes,SSP2M_2050,prospective_conseq_IMAGE_SSP2M_2050_PERF,mtcw_foreground_prospective,recycling_postcons,explicit,external_stageD,net_wrapper,"ReCiPe 2016 v1.03, midpoint (H) | human toxicity: carcinogenic | human toxicity potential (HTPc)",-47.575645434076016
prospect,al_base_routes,SSP2M_2050,prospective_conseq_IMAGE_SSP2M_2050_PERF,mtcw_foreground_prospective,recycling_postcons,explicit,external_stageD,stageD_only,"ReCiPe 2016 v1.03, midpoint (H) | human toxicity: carcinogenic | human toxicity potential (HTPc)",-48.0395298687628
prospect,al_base_routes,SSP2M_2050,prospective_conseq_IMAGE_SSP2M_2050_PERF,mtcw_foreground_prospective,recycling_postcons,explicit,external_stageD,joint,"ReCiPe 2016 v1.03, midpoint (H) | human toxicity: carcinogenic | human toxicity potential (HTPc)",-47.575645434076016
prospect,al_base_routes,SSP2M_2050,prospective_conseq_IMAGE_SSP2M_2050_PERF,mtcw_foreground_prospective,recycling_postcons,explicit,external_stageD,c3c4,"ReCiPe 2016 v1.03, midpoint (H) | human toxicity: non-carcinogenic | human toxicity potential (HTPnc)",32.86896927117481
prospect,al_base_routes,SSP2M_2050,prospective_conseq_IMAGE_SSP2M_2050_PERF,mtcw_foreground_prospective,recycling_postcons,explicit,external_stageD,net_wrapper,"ReCiPe 2016 v1.03, midpoint (H) | human toxicity: non-carcinogenic | human toxicity potential (HTPnc)",-16.5129101235993
prospect,al_base_routes,SSP2M_2050,prospective_conseq_IMAGE_SSP2M_2050_PERF,mtcw_foreground_prospective,recycling_postcons,explicit,external_stageD,stageD_only,"ReCiPe 2016 v1.03, midpoint (H) | human toxicity: non-carcinogenic | human toxicity potential (HTPnc)",-49.381879394774145
prospect,al_base_routes,SSP2M_2050,prospective_conseq_IMAGE_SSP2M_2050_PERF,mtcw_foreground_prospective,recycling_postcons,explicit,external_stageD,joint,"ReCiPe 2016 v1.03, midpoint (H) | human toxicity: non-carcinogenic | human toxicity potential (HTPnc)",-16.5129101235993
prospect,al_base_routes,SSP2M_2050,prospective_conseq_IMAGE_SSP2M_2050_PERF,mtcw_foreground_prospective,recycling_postcons,explicit,external_stageD,c3c4,"ReCiPe 2016 v1.03, midpoint (H) | ionising radiation | ionising radiation potential (IRP)",-0.018041929195106148
prospect,al_base_routes,SSP2M_2050,prospective_conseq_IMAGE_SSP2M_2050_PERF,mtcw_foreground_prospective,recycling_postcons,explicit,external_stageD,net_wrapper,"ReCiPe 2016 v1.03, midpoint (H) | ionising radiation | ionising radiation potential (IRP)",-0.06752822617574504
prospect,al_base_routes,SSP2M_2050,prospective_conseq_IMAGE_SSP2M_2050_PERF,mtcw_foreground_prospective,recycling_postcons,explicit,external_stageD,stageD_only,"ReCiPe 2016 v1.03, midpoint (H) | ionising radiation | ionising radiation potential (IRP)",-0.049486296980638965
prospect,al_base_routes,SSP2M_2050,prospective_conseq_IMAGE_SSP2M_2050_PERF,mtcw_foreground_prospective,recycling_postcons,explicit,external_stageD,joint,"ReCiPe 2016 v1.03, midpoint (H) | ionising radiation | ionising radiation potential (IRP)",-0.06752822617574504
prospect,al_base_routes,SSP2M_2050,prospective_conseq_IMAGE_SSP2M_2050_PERF,mtcw_foreground_prospective,recycling_postcons,explicit,external_stageD,c3c4,"ReCiPe 2016 v1.03, midpoint (H) | land use | agricultural land occupation (LOP)",0.023202324200104596
prospect,al_base_routes,SSP2M_2050,prospective_conseq_IMAGE_SSP2M_2050_PERF,mtcw_foreground_prospective,recycling_postcons,explicit,external_stageD,net_wrapper,"ReCiPe 2016 v1.03, midpoint (H) | land use | agricultural land occupation (LOP)",-0.6918364680452339
prospect,al_base_routes,SSP2M_2050,prospective_conseq_IMAGE_SSP2M_2050_PERF,mtcw_foreground_prospective,recycling_postcons,explicit,external_stageD,stageD_only,"ReCiPe 2016 v1.03, midpoint (H) | land use | agricultural land occupation (LOP)",-0.7150387922453387
prospect,al_base_routes,SSP2M_2050,prospective_conseq_IMAGE_SSP2M_2050_PERF,mtcw_foreground_prospective,recycling_postcons,explicit,external_stageD,joint,"ReCiPe 2016 v1.03, midpoint (H) | land use | agricultural land occupation (LOP)",-0.6918364680452339
prospect,al_base_routes,SSP2M_2050,prospective_conseq_IMAGE_SSP2M_2050_PERF,mtcw_foreground_prospective,recycling_postcons,explicit,external_stageD,c3c4,"ReCiPe 2016 v1.03, midpoint (H) | material resources: metals/minerals | surplus ore potential (SOP)",0.12055104874020958
prospect,al_base_routes,SSP2M_2050,prospective_conseq_IMAGE_SSP2M_2050_PERF,mtcw_foreground_prospective,recycling_postcons,explicit,external_stageD,net_wrapper,"ReCiPe 2016 v1.03, midpoint (H) | material resources: metals/minerals | surplus ore potential (SOP)",-0.9193211867258294
prospect,al_base_routes,SSP2M_2050,prospective_conseq_IMAGE_SSP2M_2050_PERF,mtcw_foreground_prospective,recycling_postcons,explicit,external_stageD,stageD_only,"ReCiPe 2016 v1.03, midpoint (H) | material resources: metals/minerals | surplus ore potential (SOP)",-1.0398722354660397
prospect,al_base_routes,SSP2M_2050,prospective_conseq_IMAGE_SSP2M_2050_PERF,mtcw_foreground_prospective,recycling_postcons,explicit,external_stageD,joint,"ReCiPe 2016 v1.03, midpoint (H) | material resources: metals/minerals | surplus ore potential (SOP)",-0.9193211867258294
prospect,al_base_routes,SSP2M_2050,prospective_conseq_IMAGE_SSP2M_2050_PERF,mtcw_foreground_prospective,recycling_postcons,explicit,external_stageD,c3c4,"ReCiPe 2016 v1.03, midpoint (H) | ozone depletion | ozone depletion potential (ODPinfinite)",2.101020473646655e-06
prospect,al_base_routes,SSP2M_2050,prospective_conseq_IMAGE_SSP2M_2050_PERF,mtcw_foreground_prospective,recycling_postcons,explicit,external_stageD,net_wrapper,"ReCiPe 2016 v1.03, midpoint (H) | ozone depletion | ozone depletion potential (ODPinfinite)",-6.725522224317547e-06
prospect,al_base_routes,SSP2M_2050,prospective_conseq_IMAGE_SSP2M_2050_PERF,mtcw_foreground_prospective,recycling_postcons,explicit,external_stageD,stageD_only,"ReCiPe 2016 v1.03, midpoint (H) | ozone depletion | ozone depletion potential (ODPinfinite)",-8.826542697964204e-06
prospect,al_base_routes,SSP2M_2050,prospective_conseq_IMAGE_SSP2M_2050_PERF,mtcw_foreground_prospective,recycling_postcons,explicit,external_stageD,joint,"ReCiPe 2016 v1.03, midpoint (H) | ozone depletion | ozone depletion potential (ODPinfinite)",-6.725522224317547e-06
prospect,al_base_routes,SSP2M_2050,prospective_conseq_IMAGE_SSP2M_2050_PERF,mtcw_foreground_prospective,recycling_postcons,explicit,external_stageD,c3c4,"ReCiPe 2016 v1.03, midpoint (H) | particulate matter formation | particulate matter formation potential (PMFP)",0.001379424867803265
prospect,al_base_routes,SSP2M_2050,prospective_conseq_IMAGE_SSP2M_2050_PERF,mtcw_foreground_prospective,recycling_postcons,explicit,external_stageD,net_wrapper,"ReCiPe 2016 v1.03, midpoint (H) | particulate matter formation | particulate matter formation potential (PMFP)",-0.08878912620570382
prospect,al_base_routes,SSP2M_2050,prospective_conseq_IMAGE_SSP2M_2050_PERF,mtcw_foreground_prospective,recycling_postcons,explicit,external_stageD,stageD_only,"ReCiPe 2016 v1.03, midpoint (H) | particulate matter formation | particulate matter formation potential (PMFP)",-0.09016855107350703
prospect,al_base_routes,SSP2M_2050,prospective_conseq_IMAGE_SSP2M_2050_PERF,mtcw_foreground_prospective,recycling_postcons,explicit,external_stageD,joint,"ReCiPe 2016 v1.03, midpoint (H) | particulate matter formation | particulate matter formation potential (PMFP)",-0.08878912620570382
prospect,al_base_routes,SSP2M_2050,prospective_conseq_IMAGE_SSP2M_2050_PERF,mtcw_foreground_prospective,recycling_postcons,explicit,external_stageD,c3c4,"ReCiPe 2016 v1.03, midpoint (H) | photochemical oxidant formation: human health | photochemical oxidant formation potential: humans (HOFP)",0.004992532518793086
prospect,al_base_routes,SSP2M_2050,prospective_conseq_IMAGE_SSP2M_2050_PERF,mtcw_foreground_prospective,recycling_postcons,explicit,external_stageD,net_wrapper,"ReCiPe 2016 v1.03, midpoint (H) | photochemical oxidant formation: human health | photochemical oxidant formation potential: humans (HOFP)",-0.09706830383551937
prospect,al_base_routes,SSP2M_2050,prospective_conseq_IMAGE_SSP2M_2050_PERF,mtcw_foreground_prospective,recycling_postcons,explicit,external_stageD,stageD_only,"ReCiPe 2016 v1.03, midpoint (H) | photochemical oxidant formation: human health | photochemical oxidant formation potential: humans (HOFP)",-0.10206083635431254
prospect,al_base_routes,SSP2M_2050,prospective_conseq_IMAGE_SSP2M_2050_PERF,mtcw_foreground_prospective,recycling_postcons,explicit,external_stageD,joint,"ReCiPe 2016 v1.03, midpoint (H) | photochemical oxidant formation: human health | photochemical oxidant formation potential: humans (HOFP)",-0.09706830383551937
prospect,al_base_routes,SSP2M_2050,prospective_conseq_IMAGE_SSP2M_2050_PERF,mtcw_foreground_prospective,recycling_postcons,explicit,external_stageD,c3c4,"ReCiPe 2016 v1.03, midpoint (H) | photochemical oxidant formation: terrestrial ecosystems | photochemical oxidant formation potential: ecosystems (EOFP)",0.0054331996740152235
prospect,al_base_routes,SSP2M_2050,prospective_conseq_IMAGE_SSP2M_2050_PERF,mtcw_foreground_prospective,recycling_postcons,explicit,external_stageD,net_wrapper,"ReCiPe 2016 v1.03, midpoint (H) | photochemical oxidant formation: terrestrial ecosystems | photochemical oxidant formation potential: ecosystems (EOFP)",-0.10362652160821272
prospect,al_base_routes,SSP2M_2050,prospective_conseq_IMAGE_SSP2M_2050_PERF,mtcw_foreground_prospective,recycling_postcons,explicit,external_stageD,stageD_only,"ReCiPe 2016 v1.03, midpoint (H) | photochemical oxidant formation: terrestrial ecosystems | photochemical oxidant formation potential: ecosystems (EOFP)",-0.10905972128222804
prospect,al_base_routes,SSP2M_2050,prospective_conseq_IMAGE_SSP2M_2050_PERF,mtcw_foreground_prospective,recycling_postcons,explicit,external_stageD,joint,"ReCiPe 2016 v1.03, midpoint (H) | photochemical oxidant formation: terrestrial ecosystems | photochemical oxidant formation potential: ecosystems (EOFP)",-0.10362652160821272
prospect,al_base_routes,SSP2M_2050,prospective_conseq_IMAGE_SSP2M_2050_PERF,mtcw_foreground_prospective,recycling_postcons,explicit,external_stageD,c3c4,"ReCiPe 2016 v1.03, midpoint (H) | water use | water consumption potential (WCP)",0.01708354422668449
prospect,al_base_routes,SSP2M_2050,prospective_conseq_IMAGE_SSP2M_2050_PERF,mtcw_foreground_prospective,recycling_postcons,explicit,external_stageD,net_wrapper,"ReCiPe 2016 v1.03, midpoint (H) | water use | water consumption potential (WCP)",-0.28708398180058625
prospect,al_base_routes,SSP2M_2050,prospective_conseq_IMAGE_SSP2M_2050_PERF,mtcw_foreground_prospective,recycling_postcons,explicit,external_stageD,stageD_only,"ReCiPe 2016 v1.03, midpoint (H) | water use | water consumption potential (WCP)",-0.3041675260272708
prospect,al_base_routes,SSP2M_2050,prospective_conseq_IMAGE_SSP2M_2050_PERF,mtcw_foreground_prospective,recycling_postcons,explicit,external_stageD,joint,"ReCiPe 2016 v1.03, midpoint (H) | water use | water consumption potential (WCP)",-0.28708398180058625
prospect,al_base_routes,SSP2M_2050,prospective_conseq_IMAGE_SSP2M_2050_PERF,mtcw_foreground_prospective,landfill,none,external_stageD,c3c4,"ReCiPe 2016 v1.03, midpoint (H) | acidification: terrestrial | terrestrial acidification potential (TAP)",0.0002415951086242068
prospect,al_base_routes,SSP2M_2050,prospective_conseq_IMAGE_SSP2M_2050_PERF,mtcw_foreground_prospective,landfill,none,external_stageD,net_wrapper,"ReCiPe 2016 v1.03, midpoint (H) | acidification: terrestrial | terrestrial acidification potential (TAP)",0.0002415951086242068
prospect,al_base_routes,SSP2M_2050,prospective_conseq_IMAGE_SSP2M_2050_PERF,mtcw_foreground_prospective,landfill,none,external_stageD,c3c4,"ReCiPe 2016 v1.03, midpoint (H) | climate change | global warming potential (GWP100)",0.08105359080658747
prospect,al_base_routes,SSP2M_2050,prospective_conseq_IMAGE_SSP2M_2050_PERF,mtcw_foreground_prospective,landfill,none,external_stageD,net_wrapper,"ReCiPe 2016 v1.03, midpoint (H) | climate change | global warming potential (GWP100)",0.08105359080658747
prospect,al_base_routes,SSP2M_2050,prospective_conseq_IMAGE_SSP2M_2050_PERF,mtcw_foreground_prospective,landfill,none,external_stageD,c3c4,"ReCiPe 2016 v1.03, midpoint (H) | climate change | global warming potential (GWP1000)",0.08738215207378877
prospect,al_base_routes,SSP2M_2050,prospective_conseq_IMAGE_SSP2M_2050_PERF,mtcw_foreground_prospective,landfill,none,external_stageD,net_wrapper,"ReCiPe 2016 v1.03, midpoint (H) | climate change | global warming potential (GWP1000)",0.08738215207378877
prospect,al_base_routes,SSP2M_2050,prospective_conseq_IMAGE_SSP2M_2050_PERF,mtcw_foreground_prospective,landfill,none,external_stageD,c3c4,"ReCiPe 2016 v1.03, midpoint (H) | ecotoxicity: freshwater | freshwater ecotoxicity potential (FETP)",0.030050439906280542
prospect,al_base_routes,SSP2M_2050,prospective_conseq_IMAGE_SSP2M_2050_PERF,mtcw_foreground_prospective,landfill,none,external_stageD,net_wrapper,"ReCiPe 2016 v1.03, midpoint (H) | ecotoxicity: freshwater | freshwater ecotoxicity potential (FETP)",0.030050439906280542
prospect,al_base_routes,SSP2M_2050,prospective_conseq_IMAGE_SSP2M_2050_PERF,mtcw_foreground_prospective,landfill,none,external_stageD,c3c4,"ReCiPe 2016 v1.03, midpoint (H) | ecotoxicity: marine | marine ecotoxicity potential (METP)",0.04135838403875014
prospect,al_base_routes,SSP2M_2050,prospective_conseq_IMAGE_SSP2M_2050_PERF,mtcw_foreground_prospective,landfill,none,external_stageD,net_wrapper,"ReCiPe 2016 v1.03, midpoint (H) | ecotoxicity: marine | marine ecotoxicity potential (METP)",0.04135838403875014
prospect,al_base_routes,SSP2M_2050,prospective_conseq_IMAGE_SSP2M_2050_PERF,mtcw_foreground_prospective,landfill,none,external_stageD,c3c4,"ReCiPe 2016 v1.03, midpoint (H) | ecotoxicity: terrestrial | terrestrial ecotoxicity potential (TETP)",0.5525751402609915
prospect,al_base_routes,SSP2M_2050,prospective_conseq_IMAGE_SSP2M_2050_PERF,mtcw_foreground_prospective,landfill,none,external_stageD,net_wrapper,"ReCiPe 2016 v1.03, midpoint (H) | ecotoxicity: terrestrial | terrestrial ecotoxicity potential (TETP)",0.5525751402609915
prospect,al_base_routes,SSP2M_2050,prospective_conseq_IMAGE_SSP2M_2050_PERF,mtcw_foreground_prospective,landfill,none,external_stageD,c3c4,"ReCiPe 2016 v1.03, midpoint (H) | energy resources: non-renewable, fossil | fossil fuel potential (FFP)",0.032910499633189566
prospect,al_base_routes,SSP2M_2050,prospective_conseq_IMAGE_SSP2M_2050_PERF,mtcw_foreground_prospective,landfill,none,external_stageD,net_wrapper,"ReCiPe 2016 v1.03, midpoint (H) | energy resources: non-renewable, fossil | fossil fuel potential (FFP)",0.032910499633189566
prospect,al_base_routes,SSP2M_2050,prospective_conseq_IMAGE_SSP2M_2050_PERF,mtcw_foreground_prospective,landfill,none,external_stageD,c3c4,"ReCiPe 2016 v1.03, midpoint (H) | eutrophication: freshwater | freshwater eutrophication potential (FEP)",8.131480580553723e-06
prospect,al_base_routes,SSP2M_2050,prospective_conseq_IMAGE_SSP2M_2050_PERF,mtcw_foreground_prospective,landfill,none,external_stageD,net_wrapper,"ReCiPe 2016 v1.03, midpoint (H) | eutrophication: freshwater | freshwater eutrophication potential (FEP)",8.131480580553723e-06
prospect,al_base_routes,SSP2M_2050,prospective_conseq_IMAGE_SSP2M_2050_PERF,mtcw_foreground_prospective,landfill,none,external_stageD,c3c4,"ReCiPe 2016 v1.03, midpoint (H) | eutrophication: marine | marine eutrophication potential (MEP)",3.870223351778784e-05
prospect,al_base_routes,SSP2M_2050,prospective_conseq_IMAGE_SSP2M_2050_PERF,mtcw_foreground_prospective,landfill,none,external_stageD,net_wrapper,"ReCiPe 2016 v1.03, midpoint (H) | eutrophication: marine | marine eutrophication potential (MEP)",3.870223351778784e-05
prospect,al_base_routes,SSP2M_2050,prospective_conseq_IMAGE_SSP2M_2050_PERF,mtcw_foreground_prospective,landfill,none,external_stageD,c3c4,"ReCiPe 2016 v1.03, midpoint (H) | human toxicity: carcinogenic | human toxicity potential (HTPc)",0.004946975226874763
prospect,al_base_routes,SSP2M_2050,prospective_conseq_IMAGE_SSP2M_2050_PERF,mtcw_foreground_prospective,landfill,none,external_stageD,net_wrapper,"ReCiPe 2016 v1.03, midpoint (H) | human toxicity: carcinogenic | human toxicity potential (HTPc)",0.004946975226874763
prospect,al_base_routes,SSP2M_2050,prospective_conseq_IMAGE_SSP2M_2050_PERF,mtcw_foreground_prospective,landfill,none,external_stageD,c3c4,"ReCiPe 2016 v1.03, midpoint (H) | human toxicity: non-carcinogenic | human toxicity potential (HTPnc)",1.0768615068539593
prospect,al_base_routes,SSP2M_2050,prospective_conseq_IMAGE_SSP2M_2050_PERF,mtcw_foreground_prospective,landfill,none,external_stageD,net_wrapper,"ReCiPe 2016 v1.03, midpoint (H) | human toxicity: non-carcinogenic | human toxicity potential (HTPnc)",1.0768615068539593
prospect,al_base_routes,SSP2M_2050,prospective_conseq_IMAGE_SSP2M_2050_PERF,mtcw_foreground_prospective,landfill,none,external_stageD,c3c4,"ReCiPe 2016 v1.03, midpoint (H) | ionising radiation | ionising radiation potential (IRP)",0.00045385056204257063
prospect,al_base_routes,SSP2M_2050,prospective_conseq_IMAGE_SSP2M_2050_PERF,mtcw_foreground_prospective,landfill,none,external_stageD,net_wrapper,"ReCiPe 2016 v1.03, midpoint (H) | ionising radiation | ionising radiation potential (IRP)",0.00045385056204257063
prospect,al_base_routes,SSP2M_2050,prospective_conseq_IMAGE_SSP2M_2050_PERF,mtcw_foreground_prospective,landfill,none,external_stageD,c3c4,"ReCiPe 2016 v1.03, midpoint (H) | land use | agricultural land occupation (LOP)",0.014571269237545122
prospect,al_base_routes,SSP2M_2050,prospective_conseq_IMAGE_SSP2M_2050_PERF,mtcw_foreground_prospective,landfill,none,external_stageD,net_wrapper,"ReCiPe 2016 v1.03, midpoint (H) | land use | agricultural land occupation (LOP)",0.014571269237545122
prospect,al_base_routes,SSP2M_2050,prospective_conseq_IMAGE_SSP2M_2050_PERF,mtcw_foreground_prospective,landfill,none,external_stageD,c3c4,"ReCiPe 2016 v1.03, midpoint (H) | material resources: metals/minerals | surplus ore potential (SOP)",0.00027102783921848005
prospect,al_base_routes,SSP2M_2050,prospective_conseq_IMAGE_SSP2M_2050_PERF,mtcw_foreground_prospective,landfill,none,external_stageD,net_wrapper,"ReCiPe 2016 v1.03, midpoint (H) | material resources: metals/minerals | surplus ore potential (SOP)",0.00027102783921848005
prospect,al_base_routes,SSP2M_2050,prospective_conseq_IMAGE_SSP2M_2050_PERF,mtcw_foreground_prospective,landfill,none,external_stageD,c3c4,"ReCiPe 2016 v1.03, midpoint (H) | ozone depletion | ozone depletion potential (ODPinfinite)",7.134504060470298e-08
prospect,al_base_routes,SSP2M_2050,prospective_conseq_IMAGE_SSP2M_2050_PERF,mtcw_foreground_prospective,landfill,none,external_stageD,net_wrapper,"ReCiPe 2016 v1.03, midpoint (H) | ozone depletion | ozone depletion potential (ODPinfinite)",7.134504060470298e-08
prospect,al_base_routes,SSP2M_2050,prospective_conseq_IMAGE_SSP2M_2050_PERF,mtcw_foreground_prospective,landfill,none,external_stageD,c3c4,"ReCiPe 2016 v1.03, midpoint (H) | particulate matter formation | particulate matter formation potential (PMFP)",0.00011343928547652639
prospect,al_base_routes,SSP2M_2050,prospective_conseq_IMAGE_SSP2M_2050_PERF,mtcw_foreground_prospective,landfill,none,external_stageD,net_wrapper,"ReCiPe 2016 v1.03, midpoint (H) | particulate matter formation | particulate matter formation potential (PMFP)",0.00011343928547652639
prospect,al_base_routes,SSP2M_2050,prospective_conseq_IMAGE_SSP2M_2050_PERF,mtcw_foreground_prospective,landfill,none,external_stageD,c3c4,"ReCiPe 2016 v1.03, midpoint (H) | photochemical oxidant formation: human health | photochemical oxidant formation potential: humans (HOFP)",0.00042109943835111563
prospect,al_base_routes,SSP2M_2050,prospective_conseq_IMAGE_SSP2M_2050_PERF,mtcw_foreground_prospective,landfill,none,external_stageD,net_wrapper,"ReCiPe 2016 v1.03, midpoint (H) | photochemical oxidant formation: human health | photochemical oxidant formation potential: humans (HOFP)",0.00042109943835111563
prospect,al_base_routes,SSP2M_2050,prospective_conseq_IMAGE_SSP2M_2050_PERF,mtcw_foreground_prospective,landfill,none,external_stageD,c3c4,"ReCiPe 2016 v1.03, midpoint (H) | photochemical oxidant formation: terrestrial ecosystems | photochemical oxidant formation potential: ecosystems (EOFP)",0.0004433709521424481
prospect,al_base_routes,SSP2M_2050,prospective_conseq_IMAGE_SSP2M_2050_PERF,mtcw_foreground_prospective,landfill,none,external_stageD,net_wrapper,"ReCiPe 2016 v1.03, midpoint (H) | photochemical oxidant formation: terrestrial ecosystems | photochemical oxidant formation potential: ecosystems (EOFP)",0.0004433709521424481
prospect,al_base_routes,SSP2M_2050,prospective_conseq_IMAGE_SSP2M_2050_PERF,mtcw_foreground_prospective,landfill,none,external_stageD,c3c4,"ReCiPe 2016 v1.03, midpoint (H) | water use | water consumption potential (WCP)",0.0007539195197784135
prospect,al_base_routes,SSP2M_2050,prospective_conseq_IMAGE_SSP2M_2050_PERF,mtcw_foreground_prospective,landfill,none,external_stageD,net_wrapper,"ReCiPe 2016 v1.03, midpoint (H) | water use | water consumption potential (WCP)",0.0007539195197784135
