tag,route,case,method_0,method_1,method_2,method,score
contemp,reuse,c3c4,"ReCiPe 2016 v1.03, midpoint (H)",climate change,global warming potential (GWP100),"ReCiPe 2016 v1.03, midpoint (H) | climate change | global warming potential (GWP100)",0.010874582732427031
contemp,reuse,c3c4,"ReCiPe 2016 v1.03, midpoint (H)",acidification: terrestrial,terrestrial acidification potential (TAP),"ReCiPe 2016 v1.03, midpoint (H) | acidification: terrestrial | terrestrial acidification potential (TAP)",3.246511632941365e-05
contemp,reuse,c3c4,"ReCiPe 2016 v1.03, midpoint (H)",ecotoxicity: freshwater,freshwater ecotoxicity potential (FETP),"ReCiPe 2016 v1.03, midpoint (H) | ecotoxicity: freshwater | freshwater ecotoxicity potential (FETP)",0.0008049614769503705
contemp,reuse,c3c4,"ReCiPe 2016 v1.03, midpoint (H)",ecotoxicity: marine,marine ecotoxicity potential (METP),"ReCiPe 2016 v1.03, midpoint (H) | ecotoxicity: marine | marine ecotoxicity potential (METP)",0.001079566371969733
contemp,reuse,c3c4,"ReCiPe 2016 v1.03, midpoint (H)",ecotoxicity: terrestrial,terrestrial ecotoxicity potential (TETP),"ReCiPe 2016 v1.03, midpoint (H) | ecotoxicity: terrestrial | terrestrial ecotoxicity potential (TETP)",0.049311425121386865
contemp,reuse,c3c4,"ReCiPe 2016 v1.03, midpoint (H)","energy resources: non-renewable, fossil",fossil fuel potential (FFP),"ReCiPe 2016 v1.03, midpoint (H) | energy resources: non-renewable, fossil | fossil fuel potential (FFP)",0.00304628954054177
contemp,reuse,c3c4,"ReCiPe 2016 v1.03, midpoint (H)",eutrophication: freshwater,freshwater eutrophication potential (FEP),"ReCiPe 2016 v1.03, midpoint (H) | eutrophication: freshwater | freshwater eutrophication potential (FEP)",2.911210293156467e-05
contemp,reuse,c3c4,"ReCiPe 2016 v1.03, midpoint (H)",eutrophication: marine,marine eutrophication potential (MEP),"ReCiPe 2016 v1.03, midpoint (H) | eutrophication: marine | marine eutrophication potential (MEP)",5.7808558255403194e-05
contemp,reuse,c3c4,"ReCiPe 2016 v1.03, midpoint (H)",human toxicity: carcinogenic,human toxicity potential (HTPc),"ReCiPe 2016 v1.03, midpoint (H) | human toxicity: carcinogenic | human toxicity potential (HTPc)",0.0054981100056278745
contemp,reuse,c3c4,"ReCiPe 2016 v1.03, midpoint (H)",human toxicity: non-carcinogenic,human toxicity potential (HTPnc),"ReCiPe 2016 v1.03, midpoint (H) | human toxicity: non-carcinogenic | human toxicity potential (HTPnc)",0.0477184879029659
contemp,reuse,c3c4,"ReCiPe 2016 v1.03, midpoint (H)",ionising radiation,ionising radiation potential (IRP),"ReCiPe 2016 v1.03, midpoint (H) | ionising radiation | ionising radiation potential (IRP)",4.636330814922938e-06
contemp,reuse,c3c4,"ReCiPe 2016 v1.03, midpoint (H)",land use,agricultural land occupation (LOP),"ReCiPe 2016 v1.03, midpoint (H) | land use | agricultural land occupation (LOP)",0.0006051054372366889
contemp,reuse,c3c4,"ReCiPe 2016 v1.03, midpoint (H)",material resources: metals/minerals,surplus ore potential (SOP),"ReCiPe 2016 v1.03, midpoint (H) | material resources: metals/minerals | surplus ore potential (SOP)",0.00012146234658360223
contemp,reuse,c3c4,"ReCiPe 2016 v1.03, midpoint (H)",ozone depletion,ozone depletion potential (ODPinfinite),"ReCiPe 2016 v1.03, midpoint (H) | ozone depletion | ozone depletion potential (ODPinfinite)",1.5093238048948063e-08
contemp,reuse,c3c4,"ReCiPe 2016 v1.03, midpoint (H)",particulate matter formation,particulate matter formation potential (PMFP),"ReCiPe 2016 v1.03, midpoint (H) | particulate matter formation | particulate matter formation potential (PMFP)",1.9110481858944024e-05
contemp,reuse,c3c4,"ReCiPe 2016 v1.03, midpoint (H)",photochemical oxidant formation: human health,photochemical oxidant formation potential: humans (HOFP),"ReCiPe 2016 v1.03, midpoint (H) | photochemical oxidant formation: human health | photochemical oxidant formation potential: humans (HOFP)",2.57599146248605e-05
contemp,reuse,c3c4,"ReCiPe 2016 v1.03, midpoint (H)",photochemical oxidant formation: terrestrial ecosystems,photochemical oxidant formation potential: ecosystems (EOFP),"ReCiPe 2016 v1.03, midpoint (H) | photochemical oxidant formation: terrestrial ecosystems | photochemical oxidant formation potential: ecosystems (EOFP)",2.7440693354122738e-05
contemp,reuse,c3c4,"ReCiPe 2016 v1.03, midpoint (H)",water use,water consumption potential (WCP),"ReCiPe 2016 v1.03, midpoint (H) | water use | water consumption potential (WCP)",0.0014589666505681563
contemp,reuse,staged_total,"ReCiPe 2016 v1.03, midpoint (H)",climate change,global warming potential (GWP100),"ReCiPe 2016 v1.03, midpoint (H) | climate change | global warming potential (GWP100)",-4.985244592824173
contemp,reuse,staged_total,"ReCiPe 2016 v1.03, midpoint (H)",acidification: terrestrial,terrestrial acidification potential (TAP),"ReCiPe 2016 v1.03, midpoint (H) | acidification: terrestrial | terrestrial acidification potential (TAP)",-0.009197428551974373
contemp,reuse,staged_total,"ReCiPe 2016 v1.03, midpoint (H)",ecotoxicity: freshwater,freshwater ecotoxicity potential (FETP),"ReCiPe 2016 v1.03, midpoint (H) | ecotoxicity: freshwater | freshwater ecotoxicity potential (FETP)",-0.3818606676762891
contemp,reuse,staged_total,"ReCiPe 2016 v1.03, midpoint (H)",ecotoxicity: marine,marine ecotoxicity potential (METP),"ReCiPe 2016 v1.03, midpoint (H) | ecotoxicity: marine | marine ecotoxicity potential (METP)",-0.49969593811819146
contemp,reuse,staged_total,"ReCiPe 2016 v1.03, midpoint (H)",ecotoxicity: terrestrial,terrestrial ecotoxicity potential (TETP),"ReCiPe 2016 v1.03, midpoint (H) | ecotoxicity: terrestrial | terrestrial ecotoxicity potential (TETP)",-12.389443701332793
contemp,reuse,staged_total,"ReCiPe 2016 v1.03, midpoint (H)","energy resources: non-renewable, fossil",fossil fuel potential (FFP),"ReCiPe 2016 v1.03, midpoint (H) | energy resources: non-renewable, fossil | fossil fuel potential (FFP)",-1.2979998933337318
contemp,reuse,staged_total,"ReCiPe 2016 v1.03, midpoint (H)",eutrophication: freshwater,freshwater eutrophication potential (FEP),"ReCiPe 2016 v1.03, midpoint (H) | eutrophication: freshwater | freshwater eutrophication potential (FEP)",-0.0016963331402971822
contemp,reuse,staged_total,"ReCiPe 2016 v1.03, midpoint (H)",eutrophication: marine,marine eutrophication potential (MEP),"ReCiPe 2016 v1.03, midpoint (H) | eutrophication: marine | marine eutrophication potential (MEP)",-0.000815684465935473
contemp,reuse,staged_total,"ReCiPe 2016 v1.03, midpoint (H)",human toxicity: carcinogenic,human toxicity potential (HTPc),"ReCiPe 2016 v1.03, midpoint (H) | human toxicity: carcinogenic | human toxicity potential (HTPc)",-0.3699891634612822
contemp,reuse,staged_total,"ReCiPe 2016 v1.03, midpoint (H)",human toxicity: non-carcinogenic,human toxicity potential (HTPnc),"ReCiPe 2016 v1.03, midpoint (H) | human toxicity: non-carcinogenic | human toxicity potential (HTPnc)",-8.232511769575538
contemp,reuse,staged_total,"ReCiPe 2016 v1.03, midpoint (H)",ionising radiation,ionising radiation potential (IRP),"ReCiPe 2016 v1.03, midpoint (H) | ionising radiation | ionising radiation potential (IRP)",-0.17743119102175572
contemp,reuse,staged_total,"ReCiPe 2016 v1.03, midpoint (H)",land use,agricultural land occupation (LOP),"ReCiPe 2016 v1.03, midpoint (H) | land use | agricultural land occupation (LOP)",-0.1472280959328922
contemp,reuse,staged_total,"ReCiPe 2016 v1.03, midpoint (H)",material resources: metals/minerals,surplus ore potential (SOP),"ReCiPe 2016 v1.03, midpoint (H) | material resources: metals/minerals | surplus ore potential (SOP)",-0.009995143820988595
contemp,reuse,staged_total,"ReCiPe 2016 v1.03, midpoint (H)",ozone depletion,ozone depletion potential (ODPinfinite),"ReCiPe 2016 v1.03, midpoint (H) | ozone depletion | ozone depletion potential (ODPinfinite)",-1.2978955721708206e-06
contemp,reuse,staged_total,"ReCiPe 2016 v1.03, midpoint (H)",particulate matter formation,particulate matter formation potential (PMFP),"ReCiPe 2016 v1.03, midpoint (H) | particulate matter formation | particulate matter formation potential (PMFP)",-0.006907189482346848
contemp,reuse,staged_total,"ReCiPe 2016 v1.03, midpoint (H)",photochemical oxidant formation: human health,photochemical oxidant formation potential: humans (HOFP),"ReCiPe 2016 v1.03, midpoint (H) | photochemical oxidant formation: human health | photochemical oxidant formation potential: humans (HOFP)",-0.007984534044191046
contemp,reuse,staged_total,"ReCiPe 2016 v1.03, midpoint (H)",photochemical oxidant formation: terrestrial ecosystems,photochemical oxidant formation potential: ecosystems (EOFP),"ReCiPe 2016 v1.03, midpoint (H) | photochemical oxidant formation: terrestrial ecosystems | photochemical oxidant formation potential: ecosystems (EOFP)",-0.008480378341100972
contemp,reuse,staged_total,"ReCiPe 2016 v1.03, midpoint (H)",water use,water consumption potential (WCP),"ReCiPe 2016 v1.03, midpoint (H) | water use | water consumption potential (WCP)",-0.022317335535611927
contemp,reuse,joint,"ReCiPe 2016 v1.03, midpoint (H)",climate change,global warming potential (GWP100),"ReCiPe 2016 v1.03, midpoint (H) | climate change | global warming potential (GWP100)",-4.974370010091737
contemp,reuse,joint,"ReCiPe 2016 v1.03, midpoint (H)",acidification: terrestrial,terrestrial acidification potential (TAP),"ReCiPe 2016 v1.03, midpoint (H) | acidification: terrestrial | terrestrial acidification potential (TAP)",-0.009164963435644961
contemp,reuse,joint,"ReCiPe 2016 v1.03, midpoint (H)",ecotoxicity: freshwater,freshwater ecotoxicity potential (FETP),"ReCiPe 2016 v1.03, midpoint (H) | ecotoxicity: freshwater | freshwater ecotoxicity potential (FETP)",-0.3810557061993388
contemp,reuse,joint,"ReCiPe 2016 v1.03, midpoint (H)",ecotoxicity: marine,marine ecotoxicity potential (METP),"ReCiPe 2016 v1.03, midpoint (H) | ecotoxicity: marine | marine ecotoxicity potential (METP)",-0.4986163717462219
contemp,reuse,joint,"ReCiPe 2016 v1.03, midpoint (H)",ecotoxicity: terrestrial,terrestrial ecotoxicity potential (TETP),"ReCiPe 2016 v1.03, midpoint (H) | ecotoxicity: terrestrial | terrestrial ecotoxicity potential (TETP)",-12.340132276211417
contemp,reuse,joint,"ReCiPe 2016 v1.03, midpoint (H)","energy resources: non-renewable, fossil",fossil fuel potential (FFP),"ReCiPe 2016 v1.03, midpoint (H) | energy resources: non-renewable, fossil | fossil fuel potential (FFP)",-1.2949536037931901
contemp,reuse,joint,"ReCiPe 2016 v1.03, midpoint (H)",eutrophication: freshwater,freshwater eutrophication potential (FEP),"ReCiPe 2016 v1.03, midpoint (H) | eutrophication: freshwater | freshwater eutrophication potential (FEP)",-0.0016672210373656197
contemp,reuse,joint,"ReCiPe 2016 v1.03, midpoint (H)",eutrophication: marine,marine eutrophication potential (MEP),"ReCiPe 2016 v1.03, midpoint (H) | eutrophication: marine | marine eutrophication potential (MEP)",-0.0007578759076800701
contemp,reuse,joint,"ReCiPe 2016 v1.03, midpoint (H)",human toxicity: carcinogenic,human toxicity potential (HTPc),"ReCiPe 2016 v1.03, midpoint (H) | human toxicity: carcinogenic | human toxicity potential (HTPc)",-0.3644910534556542
contemp,reuse,joint,"ReCiPe 2016 v1.03, midpoint (H)",human toxicity: non-carcinogenic,human toxicity potential (HTPnc),"ReCiPe 2016 v1.03, midpoint (H) | human toxicity: non-carcinogenic | human toxicity potential (HTPnc)",-8.184793281672572
contemp,reuse,joint,"ReCiPe 2016 v1.03, midpoint (H)",ionising radiation,ionising radiation potential (IRP),"ReCiPe 2016 v1.03, midpoint (H) | ionising radiation | ionising radiation potential (IRP)",-0.17742655469094096
contemp,reuse,joint,"ReCiPe 2016 v1.03, midpoint (H)",land use,agricultural land occupation (LOP),"ReCiPe 2016 v1.03, midpoint (H) | land use | agricultural land occupation (LOP)",-0.14662299049565558
contemp,reuse,joint,"ReCiPe 2016 v1.03, midpoint (H)",material resources: metals/minerals,surplus ore potential (SOP),"ReCiPe 2016 v1.03, midpoint (H) | material resources: metals/minerals | surplus ore potential (SOP)",-0.009873681474404985
contemp,reuse,joint,"ReCiPe 2016 v1.03, midpoint (H)",ozone depletion,ozone depletion potential (ODPinfinite),"ReCiPe 2016 v1.03, midpoint (H) | ozone depletion | ozone depletion potential (ODPinfinite)",-1.282802334121872e-06
contemp,reuse,joint,"ReCiPe 2016 v1.03, midpoint (H)",particulate matter formation,particulate matter formation potential (PMFP),"ReCiPe 2016 v1.03, midpoint (H) | particulate matter formation | particulate matter formation potential (PMFP)",-0.006888079000487905
contemp,reuse,joint,"ReCiPe 2016 v1.03, midpoint (H)",photochemical oxidant formation: human health,photochemical oxidant formation potential: humans (HOFP),"ReCiPe 2016 v1.03, midpoint (H) | photochemical oxidant formation: human health | photochemical oxidant formation potential: humans (HOFP)",-0.007958774129566188
contemp,reuse,joint,"ReCiPe 2016 v1.03, midpoint (H)",photochemical oxidant formation: terrestrial ecosystems,photochemical oxidant formation potential: ecosystems (EOFP),"ReCiPe 2016 v1.03, midpoint (H) | photochemical oxidant formation: terrestrial ecosystems | photochemical oxidant formation potential: ecosystems (EOFP)",-0.008452937647746857
contemp,reuse,joint,"ReCiPe 2016 v1.03, midpoint (H)",water use,water consumption potential (WCP),"ReCiPe 2016 v1.03, midpoint (H) | water use | water consumption potential (WCP)",-0.020858368885043742
contemp,reuse,net,"ReCiPe 2016 v1.03, midpoint (H)",climate change,global warming potential (GWP100),"ReCiPe 2016 v1.03, midpoint (H) | climate change | global warming potential (GWP100)",-4.974370010091737
contemp,reuse,net,"ReCiPe 2016 v1.03, midpoint (H)",acidification: terrestrial,terrestrial acidification potential (TAP),"ReCiPe 2016 v1.03, midpoint (H) | acidification: terrestrial | terrestrial acidification potential (TAP)",-0.009164963435644961
contemp,reuse,net,"ReCiPe 2016 v1.03, midpoint (H)",ecotoxicity: freshwater,freshwater ecotoxicity potential (FETP),"ReCiPe 2016 v1.03, midpoint (H) | ecotoxicity: freshwater | freshwater ecotoxicity potential (FETP)",-0.3810557061993388
contemp,reuse,net,"ReCiPe 2016 v1.03, midpoint (H)",ecotoxicity: marine,marine ecotoxicity potential (METP),"ReCiPe 2016 v1.03, midpoint (H) | ecotoxicity: marine | marine ecotoxicity potential (METP)",-0.498616371746222
contemp,reuse,net,"ReCiPe 2016 v1.03, midpoint (H)",ecotoxicity: terrestrial,terrestrial ecotoxicity potential (TETP),"ReCiPe 2016 v1.03, midpoint (H) | ecotoxicity: terrestrial | terrestrial ecotoxicity potential (TETP)",-12.340132276211419
contemp,reuse,net,"ReCiPe 2016 v1.03, midpoint (H)","energy resources: non-renewable, fossil",fossil fuel potential (FFP),"ReCiPe 2016 v1.03, midpoint (H) | energy resources: non-renewable, fossil | fossil fuel potential (FFP)",-1.29495360379319
contemp,reuse,net,"ReCiPe 2016 v1.03, midpoint (H)",eutrophication: freshwater,freshwater eutrophication potential (FEP),"ReCiPe 2016 v1.03, midpoint (H) | eutrophication: freshwater | freshwater eutrophication potential (FEP)",-0.0016672210373656197
contemp,reuse,net,"ReCiPe 2016 v1.03, midpoint (H)",eutrophication: marine,marine eutrophication potential (MEP),"ReCiPe 2016 v1.03, midpoint (H) | eutrophication: marine | marine eutrophication potential (MEP)",-0.0007578759076800701
contemp,reuse,net,"ReCiPe 2016 v1.03, midpoint (H)",human toxicity: carcinogenic,human toxicity potential (HTPc),"ReCiPe 2016 v1.03, midpoint (H) | human toxicity: carcinogenic | human toxicity potential (HTPc)",-0.3644910534556541
contemp,reuse,net,"ReCiPe 2016 v1.03, midpoint (H)",human toxicity: non-carcinogenic,human toxicity potential (HTPnc),"ReCiPe 2016 v1.03, midpoint (H) | human toxicity: non-carcinogenic | human toxicity potential (HTPnc)",-8.184793281672574
contemp,reuse,net,"ReCiPe 2016 v1.03, midpoint (H)",ionising radiation,ionising radiation potential (IRP),"ReCiPe 2016 v1.03, midpoint (H) | ionising radiation | ionising radiation potential (IRP)",-0.17742655469094096
contemp,reuse,net,"ReCiPe 2016 v1.03, midpoint (H)",land use,agricultural land occupation (LOP),"ReCiPe 2016 v1.03, midpoint (H) | land use | agricultural land occupation (LOP)",-0.14662299049565558
contemp,reuse,net,"ReCiPe 2016 v1.03, midpoint (H)",material resources: metals/minerals,surplus ore potential (SOP),"ReCiPe 2016 v1.03, midpoint (H) | material resources: metals/minerals | surplus ore potential (SOP)",-0.009873681474404981
contemp,reuse,net,"ReCiPe 2016 v1.03, midpoint (H)",ozone depletion,ozone depletion potential (ODPinfinite),"ReCiPe 2016 v1.03, midpoint (H) | ozone depletion | ozone depletion potential (ODPinfinite)",-1.282802334121872e-06
contemp,reuse,net,"ReCiPe 2016 v1.03, midpoint (H)",particulate matter formation,particulate matter formation potential (PMFP),"ReCiPe 2016 v1.03, midpoint (H) | particulate matter formation | particulate matter formation potential (PMFP)",-0.006888079000487905
contemp,reuse,net,"ReCiPe 2016 v1.03, midpoint (H)",photochemical oxidant formation: human health,photochemical oxidant formation potential: humans (HOFP),"ReCiPe 2016 v1.03, midpoint (H) | photochemical oxidant formation: human health | photochemical oxidant formation potential: humans (HOFP)",-0.007958774129566186
contemp,reuse,net,"ReCiPe 2016 v1.03, midpoint (H)",photochemical oxidant formation: terrestrial ecosystems,photochemical oxidant formation potential: ecosystems (EOFP),"ReCiPe 2016 v1.03, midpoint (H) | photochemical oxidant formation: terrestrial ecosystems | photochemical oxidant formation potential: ecosystems (EOFP)",-0.008452937647746855
contemp,reuse,net,"ReCiPe 2016 v1.03, midpoint (H)",water use,water consumption potential (WCP),"ReCiPe 2016 v1.03, midpoint (H) | water use | water consumption potential (WCP)",-0.020858368885043742
contemp,recycling_postcons,c3c4,"ReCiPe 2016 v1.03, midpoint (H)",climate change,global warming potential (GWP100),"ReCiPe 2016 v1.03, midpoint (H) | climate change | global warming potential (GWP100)",2.120500739133392
contemp,recycling_postcons,c3c4,"ReCiPe 2016 v1.03, midpoint (H)",acidification: terrestrial,terrestrial acidification potential (TAP),"ReCiPe 2016 v1.03, midpoint (H) | acidification: terrestrial | terrestrial acidification potential (TAP)",0.004725574857673231
contemp,recycling_postcons,c3c4,"ReCiPe 2016 v1.03, midpoint (H)",ecotoxicity: freshwater,freshwater ecotoxicity potential (FETP),"ReCiPe 2016 v1.03, midpoint (H) | ecotoxicity: freshwater | freshwater ecotoxicity potential (FETP)",0.8861227506017982
contemp,recycling_postcons,c3c4,"ReCiPe 2016 v1.03, midpoint (H)",ecotoxicity: marine,marine ecotoxicity potential (METP),"ReCiPe 2016 v1.03, midpoint (H) | ecotoxicity: marine | marine ecotoxicity potential (METP)",1.219736071575124
contemp,recycling_postcons,c3c4,"ReCiPe 2016 v1.03, midpoint (H)",ecotoxicity: terrestrial,terrestrial ecotoxicity potential (TETP),"ReCiPe 2016 v1.03, midpoint (H) | ecotoxicity: terrestrial | terrestrial ecotoxicity potential (TETP)",46.11118018579863
contemp,recycling_postcons,c3c4,"ReCiPe 2016 v1.03, midpoint (H)","energy resources: non-renewable, fossil",fossil fuel potential (FFP),"ReCiPe 2016 v1.03, midpoint (H) | energy resources: non-renewable, fossil | fossil fuel potential (FFP)",0.5888913987113379
contemp,recycling_postcons,c3c4,"ReCiPe 2016 v1.03, midpoint (H)",eutrophication: freshwater,freshwater eutrophication potential (FEP),"ReCiPe 2016 v1.03, midpoint (H) | eutrophication: freshwater | freshwater eutrophication potential (FEP)",0.0005930765254457966
contemp,recycling_postcons,c3c4,"ReCiPe 2016 v1.03, midpoint (H)",eutrophication: marine,marine eutrophication potential (MEP),"ReCiPe 2016 v1.03, midpoint (H) | eutrophication: marine | marine eutrophication potential (MEP)",-7.879480312493465e-06
contemp,recycling_postcons,c3c4,"ReCiPe 2016 v1.03, midpoint (H)",human toxicity: carcinogenic,human toxicity potential (HTPc),"ReCiPe 2016 v1.03, midpoint (H) | human toxicity: carcinogenic | human toxicity potential (HTPc)",0.3802968101768762
contemp,recycling_postcons,c3c4,"ReCiPe 2016 v1.03, midpoint (H)",human toxicity: non-carcinogenic,human toxicity potential (HTPnc),"ReCiPe 2016 v1.03, midpoint (H) | human toxicity: non-carcinogenic | human toxicity potential (HTPnc)",33.55726726232709
contemp,recycling_postcons,c3c4,"ReCiPe 2016 v1.03, midpoint (H)",ionising radiation,ionising radiation potential (IRP),"ReCiPe 2016 v1.03, midpoint (H) | ionising radiation | ionising radiation potential (IRP)",0.03263604730668278
contemp,recycling_postcons,c3c4,"ReCiPe 2016 v1.03, midpoint (H)",land use,agricultural land occupation (LOP),"ReCiPe 2016 v1.03, midpoint (H) | land use | agricultural land occupation (LOP)",0.11026172201012015
contemp,recycling_postcons,c3c4,"ReCiPe 2016 v1.03, midpoint (H)",material resources: metals/minerals,surplus ore potential (SOP),"ReCiPe 2016 v1.03, midpoint (H) | material resources: metals/minerals | surplus ore potential (SOP)",0.08493325310469409
contemp,recycling_postcons,c3c4,"ReCiPe 2016 v1.03, midpoint (H)",ozone depletion,ozone depletion potential (ODPinfinite),"ReCiPe 2016 v1.03, midpoint (H) | ozone depletion | ozone depletion potential (ODPinfinite)",1.7449111393762062e-06
contemp,recycling_postcons,c3c4,"ReCiPe 2016 v1.03, midpoint (H)",particulate matter formation,particulate matter formation potential (PMFP),"ReCiPe 2016 v1.03, midpoint (H) | particulate matter formation | particulate matter formation potential (PMFP)",0.0019971878912167264
contemp,recycling_postcons,c3c4,"ReCiPe 2016 v1.03, midpoint (H)",photochemical oxidant formation: human health,photochemical oxidant formation potential: humans (HOFP),"ReCiPe 2016 v1.03, midpoint (H) | photochemical oxidant formation: human health | photochemical oxidant formation potential: humans (HOFP)",0.004840981934187236
contemp,recycling_postcons,c3c4,"ReCiPe 2016 v1.03, midpoint (H)",photochemical oxidant formation: terrestrial ecosystems,photochemical oxidant formation potential: ecosystems (EOFP),"ReCiPe 2016 v1.03, midpoint (H) | photochemical oxidant formation: terrestrial ecosystems | photochemical oxidant formation potential: ecosystems (EOFP)",0.005173801314507908
contemp,recycling_postcons,c3c4,"ReCiPe 2016 v1.03, midpoint (H)",water use,water consumption potential (WCP),"ReCiPe 2016 v1.03, midpoint (H) | water use | water consumption potential (WCP)",-0.0008370084528171715
contemp,recycling_postcons,staged_total,"ReCiPe 2016 v1.03, midpoint (H)",climate change,global warming potential (GWP100),"ReCiPe 2016 v1.03, midpoint (H) | climate change | global warming potential (GWP100)",-28.663167755213443
contemp,recycling_postcons,staged_total,"ReCiPe 2016 v1.03, midpoint (H)",acidification: terrestrial,terrestrial acidification potential (TAP),"ReCiPe 2016 v1.03, midpoint (H) | acidification: terrestrial | terrestrial acidification potential (TAP)",-0.18210676147595795
contemp,recycling_postcons,staged_total,"ReCiPe 2016 v1.03, midpoint (H)",ecotoxicity: freshwater,freshwater ecotoxicity potential (FETP),"ReCiPe 2016 v1.03, midpoint (H) | ecotoxicity: freshwater | freshwater ecotoxicity potential (FETP)",-1.752634349390103
contemp,recycling_postcons,staged_total,"ReCiPe 2016 v1.03, midpoint (H)",ecotoxicity: marine,marine ecotoxicity potential (METP),"ReCiPe 2016 v1.03, midpoint (H) | ecotoxicity: marine | marine ecotoxicity potential (METP)",-2.4700230720038876
contemp,recycling_postcons,staged_total,"ReCiPe 2016 v1.03, midpoint (H)",ecotoxicity: terrestrial,terrestrial ecotoxicity potential (TETP),"ReCiPe 2016 v1.03, midpoint (H) | ecotoxicity: terrestrial | terrestrial ecotoxicity potential (TETP)",-28.24719570532395
contemp,recycling_postcons,staged_total,"ReCiPe 2016 v1.03, midpoint (H)","energy resources: non-renewable, fossil",fossil fuel potential (FFP),"ReCiPe 2016 v1.03, midpoint (H) | energy resources: non-renewable, fossil | fossil fuel potential (FFP)",-5.7385497001813075
contemp,recycling_postcons,staged_total,"ReCiPe 2016 v1.03, midpoint (H)",eutrophication: freshwater,freshwater eutrophication potential (FEP),"ReCiPe 2016 v1.03, midpoint (H) | eutrophication: freshwater | freshwater eutrophication potential (FEP)",-0.006855276743898703
contemp,recycling_postcons,staged_total,"ReCiPe 2016 v1.03, midpoint (H)",eutrophication: marine,marine eutrophication potential (MEP),"ReCiPe 2016 v1.03, midpoint (H) | eutrophication: marine | marine eutrophication potential (MEP)",-0.0006177381540878082
contemp,recycling_postcons,staged_total,"ReCiPe 2016 v1.03, midpoint (H)",human toxicity: carcinogenic,human toxicity potential (HTPc),"ReCiPe 2016 v1.03, midpoint (H) | human toxicity: carcinogenic | human toxicity potential (HTPc)",-42.93935714917352
contemp,recycling_postcons,staged_total,"ReCiPe 2016 v1.03, midpoint (H)",human toxicity: non-carcinogenic,human toxicity potential (HTPnc),"ReCiPe 2016 v1.03, midpoint (H) | human toxicity: non-carcinogenic | human toxicity potential (HTPnc)",-36.714057115155285
contemp,recycling_postcons,staged_total,"ReCiPe 2016 v1.03, midpoint (H)",ionising radiation,ionising radiation potential (IRP),"ReCiPe 2016 v1.03, midpoint (H) | ionising radiation | ionising radiation potential (IRP)",0.18582916262777427
contemp,recycling_postcons,staged_total,"ReCiPe 2016 v1.03, midpoint (H)",land use,agricultural land occupation (LOP),"ReCiPe 2016 v1.03, midpoint (H) | land use | agricultural land occupation (LOP)",-0.487220442891575
contemp,recycling_postcons,staged_total,"ReCiPe 2016 v1.03, midpoint (H)",material resources: metals/minerals,surplus ore potential (SOP),"ReCiPe 2016 v1.03, midpoint (H) | material resources: metals/minerals | surplus ore potential (SOP)",-0.8773333076209833
contemp,recycling_postcons,staged_total,"ReCiPe 2016 v1.03, midpoint (H)",ozone depletion,ozone depletion potential (ODPinfinite),"ReCiPe 2016 v1.03, midpoint (H) | ozone depletion | ozone depletion potential (ODPinfinite)",-6.995301770787292e-06
contemp,recycling_postcons,staged_total,"ReCiPe 2016 v1.03, midpoint (H)",particulate matter formation,particulate matter formation potential (PMFP),"ReCiPe 2016 v1.03, midpoint (H) | particulate matter formation | particulate matter formation potential (PMFP)",-0.06532076606050179
contemp,recycling_postcons,staged_total,"ReCiPe 2016 v1.03, midpoint (H)",photochemical oxidant formation: human health,photochemical oxidant formation potential: humans (HOFP),"ReCiPe 2016 v1.03, midpoint (H) | photochemical oxidant formation: human health | photochemical oxidant formation potential: humans (HOFP)",-0.0703097355647191
contemp,recycling_postcons,staged_total,"ReCiPe 2016 v1.03, midpoint (H)",photochemical oxidant formation: terrestrial ecosystems,photochemical oxidant formation potential: ecosystems (EOFP),"ReCiPe 2016 v1.03, midpoint (H) | photochemical oxidant formation: terrestrial ecosystems | photochemical oxidant formation potential: ecosystems (EOFP)",-0.07418065419357497
contemp,recycling_postcons,staged_total,"ReCiPe 2016 v1.03, midpoint (H)",water use,water consumption potential (WCP),"ReCiPe 2016 v1.03, midpoint (H) | water use | water consumption potential (WCP)",-1.065295951491312
contemp,recycling_postcons,joint,"ReCiPe 2016 v1.03, midpoint (H)",climate change,global warming potential (GWP100),"ReCiPe 2016 v1.03, midpoint (H) | climate change | global warming potential (GWP100)",-26.542667016080056
contemp,recycling_postcons,joint,"ReCiPe 2016 v1.03, midpoint (H)",acidification: terrestrial,terrestrial acidification potential (TAP),"ReCiPe 2016 v1.03, midpoint (H) | acidification: terrestrial | terrestrial acidification potential (TAP)",-0.1773811866182849
contemp,recycling_postcons,joint,"ReCiPe 2016 v1.03, midpoint (H)",ecotoxicity: freshwater,freshwater ecotoxicity potential (FETP),"ReCiPe 2016 v1.03, midpoint (H) | ecotoxicity: freshwater | freshwater ecotoxicity potential (FETP)",-0.8665115987883044
contemp,recycling_postcons,joint,"ReCiPe 2016 v1.03, midpoint (H)",ecotoxicity: marine,marine ecotoxicity potential (METP),"ReCiPe 2016 v1.03, midpoint (H) | ecotoxicity: marine | marine ecotoxicity potential (METP)",-1.2502870004287632
contemp,recycling_postcons,joint,"ReCiPe 2016 v1.03, midpoint (H)",ecotoxicity: terrestrial,terrestrial ecotoxicity potential (TETP),"ReCiPe 2016 v1.03, midpoint (H) | ecotoxicity: terrestrial | terrestrial ecotoxicity potential (TETP)",17.86398448047471
contemp,recycling_postcons,joint,"ReCiPe 2016 v1.03, midpoint (H)","energy resources: non-renewable, fossil",fossil fuel potential (FFP),"ReCiPe 2016 v1.03, midpoint (H) | energy resources: non-renewable, fossil | fossil fuel potential (FFP)",-5.149658301469971
contemp,recycling_postcons,joint,"ReCiPe 2016 v1.03, midpoint (H)",eutrophication: freshwater,freshwater eutrophication potential (FEP),"ReCiPe 2016 v1.03, midpoint (H) | eutrophication: freshwater | freshwater eutrophication potential (FEP)",-0.006262200218452897
contemp,recycling_postcons,joint,"ReCiPe 2016 v1.03, midpoint (H)",eutrophication: marine,marine eutrophication potential (MEP),"ReCiPe 2016 v1.03, midpoint (H) | eutrophication: marine | marine eutrophication potential (MEP)",-0.0006256176344003018
contemp,recycling_postcons,joint,"ReCiPe 2016 v1.03, midpoint (H)",human toxicity: carcinogenic,human toxicity potential (HTPc),"ReCiPe 2016 v1.03, midpoint (H) | human toxicity: carcinogenic | human toxicity potential (HTPc)",-42.559060338996645
contemp,recycling_postcons,joint,"ReCiPe 2016 v1.03, midpoint (H)",human toxicity: non-carcinogenic,human toxicity potential (HTPnc),"ReCiPe 2016 v1.03, midpoint (H) | human toxicity: non-carcinogenic | human toxicity potential (HTPnc)",-3.1567898528281724
contemp,recycling_postcons,joint,"ReCiPe 2016 v1.03, midpoint (H)",ionising radiation,ionising radiation potential (IRP),"ReCiPe 2016 v1.03, midpoint (H) | ionising radiation | ionising radiation potential (IRP)",0.21846520993445717
contemp,recycling_postcons,joint,"ReCiPe 2016 v1.03, midpoint (H)",land use,agricultural land occupation (LOP),"ReCiPe 2016 v1.03, midpoint (H) | land use | agricultural land occupation (LOP)",-0.37695872088145443
contemp,recycling_postcons,joint,"ReCiPe 2016 v1.03, midpoint (H)",material resources: metals/minerals,surplus ore potential (SOP),"ReCiPe 2016 v1.03, midpoint (H) | material resources: metals/minerals | surplus ore potential (SOP)",-0.7924000545162887
contemp,recycling_postcons,joint,"ReCiPe 2016 v1.03, midpoint (H)",ozone depletion,ozone depletion potential (ODPinfinite),"ReCiPe 2016 v1.03, midpoint (H) | ozone depletion | ozone depletion potential (ODPinfinite)",-5.250390631411089e-06
contemp,recycling_postcons,joint,"ReCiPe 2016 v1.03, midpoint (H)",particulate matter formation,particulate matter formation potential (PMFP),"ReCiPe 2016 v1.03, midpoint (H) | particulate matter formation | particulate matter formation potential (PMFP)",-0.06332357816928508
contemp,recycling_postcons,joint,"ReCiPe 2016 v1.03, midpoint (H)",photochemical oxidant formation: human health,photochemical oxidant formation potential: humans (HOFP),"ReCiPe 2016 v1.03, midpoint (H) | photochemical oxidant formation: human health | photochemical oxidant formation potential: humans (HOFP)",-0.06546875363053194
contemp,recycling_postcons,joint,"ReCiPe 2016 v1.03, midpoint (H)",photochemical oxidant formation: terrestrial ecosystems,photochemical oxidant formation potential: ecosystems (EOFP),"ReCiPe 2016 v1.03, midpoint (H) | photochemical oxidant formation: terrestrial ecosystems | photochemical oxidant formation potential: ecosystems (EOFP)",-0.06900685287906713
contemp,recycling_postcons,joint,"ReCiPe 2016 v1.03, midpoint (H)",water use,water consumption potential (WCP),"ReCiPe 2016 v1.03, midpoint (H) | water use | water consumption potential (WCP)",-1.0661329599441294
contemp,recycling_postcons,net,"ReCiPe 2016 v1.03, midpoint (H)",climate change,global warming potential (GWP100),"ReCiPe 2016 v1.03, midpoint (H) | climate change | global warming potential (GWP100)",-26.542667016080056
contemp,recycling_postcons,net,"ReCiPe 2016 v1.03, midpoint (H)",acidification: terrestrial,terrestrial acidification potential (TAP),"ReCiPe 2016 v1.03, midpoint (H) | acidification: terrestrial | terrestrial acidification potential (TAP)",-0.1773811866182849
contemp,recycling_postcons,net,"ReCiPe 2016 v1.03, midpoint (H)",ecotoxicity: freshwater,freshwater ecotoxicity potential (FETP),"ReCiPe 2016 v1.03, midpoint (H) | ecotoxicity: freshwater | freshwater ecotoxicity potential (FETP)",-0.8665115987883042
contemp,recycling_postcons,net,"ReCiPe 2016 v1.03, midpoint (H)",ecotoxicity: marine,marine ecotoxicity potential (METP),"ReCiPe 2016 v1.03, midpoint (H) | ecotoxicity: marine | marine ecotoxicity potential (METP)",-1.250287000428763
contemp,recycling_postcons,net,"ReCiPe 2016 v1.03, midpoint (H)",ecotoxicity: terrestrial,terrestrial ecotoxicity potential (TETP),"ReCiPe 2016 v1.03, midpoint (H) | ecotoxicity: terrestrial | terrestrial ecotoxicity potential (TETP)",17.863984480474713
contemp,recycling_postcons,net,"ReCiPe 2016 v1.03, midpoint (H)","energy resources: non-renewable, fossil",fossil fuel potential (FFP),"ReCiPe 2016 v1.03, midpoint (H) | energy resources: non-renewable, fossil | fossil fuel potential (FFP)",-5.149658301469971
contemp,recycling_postcons,net,"ReCiPe 2016 v1.03, midpoint (H)",eutrophication: freshwater,freshwater eutrophication potential (FEP),"ReCiPe 2016 v1.03, midpoint (H) | eutrophication: freshwater | freshwater eutrophication potential (FEP)",-0.006262200218452897
contemp,recycling_postcons,net,"ReCiPe 2016 v1.03, midpoint (H)",eutrophication: marine,marine eutrophication potential (MEP),"ReCiPe 2016 v1.03, midpoint (H) | eutrophication: marine | marine eutrophication potential (MEP)",-0.0006256176344003018
contemp,recycling_postcons,net,"ReCiPe 2016 v1.03, midpoint (H)",human toxicity: carcinogenic,human toxicity potential (HTPc),"ReCiPe 2016 v1.03, midpoint (H) | human toxicity: carcinogenic | human toxicity potential (HTPc)",-42.559060338996645
contemp,recycling_postcons,net,"ReCiPe 2016 v1.03, midpoint (H)",human toxicity: non-carcinogenic,human toxicity potential (HTPnc),"ReCiPe 2016 v1.03, midpoint (H) | human toxicity: non-carcinogenic | human toxicity potential (HTPnc)",-3.1567898528281684
contemp,recycling_postcons,net,"ReCiPe 2016 v1.03, midpoint (H)",ionising radiation,ionising radiation potential (IRP),"ReCiPe 2016 v1.03, midpoint (H) | ionising radiation | ionising radiation potential (IRP)",0.2184652099344572
contemp,recycling_postcons,net,"ReCiPe 2016 v1.03, midpoint (H)",land use,agricultural land occupation (LOP),"ReCiPe 2016 v1.03, midpoint (H) | land use | agricultural land occupation (LOP)",-0.37695872088145443
contemp,recycling_postcons,net,"ReCiPe 2016 v1.03, midpoint (H)",material resources: metals/minerals,surplus ore potential (SOP),"ReCiPe 2016 v1.03, midpoint (H) | material resources: metals/minerals | surplus ore potential (SOP)",-0.7924000545162887
contemp,recycling_postcons,net,"ReCiPe 2016 v1.03, midpoint (H)",ozone depletion,ozone depletion potential (ODPinfinite),"ReCiPe 2016 v1.03, midpoint (H) | ozone depletion | ozone depletion potential (ODPinfinite)",-5.250390631411089e-06
contemp,recycling_postcons,net,"ReCiPe 2016 v1.03, midpoint (H)",particulate matter formation,particulate matter formation potential (PMFP),"ReCiPe 2016 v1.03, midpoint (H) | particulate matter formation | particulate matter formation potential (PMFP)",-0.06332357816928508
contemp,recycling_postcons,net,"ReCiPe 2016 v1.03, midpoint (H)",photochemical oxidant formation: human health,photochemical oxidant formation potential: humans (HOFP),"ReCiPe 2016 v1.03, midpoint (H) | photochemical oxidant formation: human health | photochemical oxidant formation potential: humans (HOFP)",-0.06546875363053192
contemp,recycling_postcons,net,"ReCiPe 2016 v1.03, midpoint (H)",photochemical oxidant formation: terrestrial ecosystems,photochemical oxidant formation potential: ecosystems (EOFP),"ReCiPe 2016 v1.03, midpoint (H) | photochemical oxidant formation: terrestrial ecosystems | photochemical oxidant formation potential: ecosystems (EOFP)",-0.06900685287906713
contemp,recycling_postcons,net,"ReCiPe 2016 v1.03, midpoint (H)",water use,water consumption potential (WCP),"ReCiPe 2016 v1.03, midpoint (H) | water use | water consumption potential (WCP)",-1.0661329599441294
contemp,recycling_newscrap,c3c4,"ReCiPe 2016 v1.03, midpoint (H)",climate change,global warming potential (GWP100),"ReCiPe 2016 v1.03, midpoint (H) | climate change | global warming potential (GWP100)",2.120500739133392
contemp,recycling_newscrap,c3c4,"ReCiPe 2016 v1.03, midpoint (H)",acidification: terrestrial,terrestrial acidification potential (TAP),"ReCiPe 2016 v1.03, midpoint (H) | acidification: terrestrial | terrestrial acidification potential (TAP)",0.004725574857673231
contemp,recycling_newscrap,c3c4,"ReCiPe 2016 v1.03, midpoint (H)",ecotoxicity: freshwater,freshwater ecotoxicity potential (FETP),"ReCiPe 2016 v1.03, midpoint (H) | ecotoxicity: freshwater | freshwater ecotoxicity potential (FETP)",0.8861227506017982
contemp,recycling_newscrap,c3c4,"ReCiPe 2016 v1.03, midpoint (H)",ecotoxicity: marine,marine ecotoxicity potential (METP),"ReCiPe 2016 v1.03, midpoint (H) | ecotoxicity: marine | marine ecotoxicity potential (METP)",1.2197360715751244
contemp,recycling_newscrap,c3c4,"ReCiPe 2016 v1.03, midpoint (H)",ecotoxicity: terrestrial,terrestrial ecotoxicity potential (TETP),"ReCiPe 2016 v1.03, midpoint (H) | ecotoxicity: terrestrial | terrestrial ecotoxicity potential (TETP)",46.11118018579864
contemp,recycling_newscrap,c3c4,"ReCiPe 2016 v1.03, midpoint (H)","energy resources: non-renewable, fossil",fossil fuel potential (FFP),"ReCiPe 2016 v1.03, midpoint (H) | energy resources: non-renewable, fossil | fossil fuel potential (FFP)",0.5888913987113379
contemp,recycling_newscrap,c3c4,"ReCiPe 2016 v1.03, midpoint (H)",eutrophication: freshwater,freshwater eutrophication potential (FEP),"ReCiPe 2016 v1.03, midpoint (H) | eutrophication: freshwater | freshwater eutrophication potential (FEP)",0.0005930765254457968
contemp,recycling_newscrap,c3c4,"ReCiPe 2016 v1.03, midpoint (H)",eutrophication: marine,marine eutrophication potential (MEP),"ReCiPe 2016 v1.03, midpoint (H) | eutrophication: marine | marine eutrophication potential (MEP)",-7.879480312493463e-06
contemp,recycling_newscrap,c3c4,"ReCiPe 2016 v1.03, midpoint (H)",human toxicity: carcinogenic,human toxicity potential (HTPc),"ReCiPe 2016 v1.03, midpoint (H) | human toxicity: carcinogenic | human toxicity potential (HTPc)",0.3802968101768763
contemp,recycling_newscrap,c3c4,"ReCiPe 2016 v1.03, midpoint (H)",human toxicity: non-carcinogenic,human toxicity potential (HTPnc),"ReCiPe 2016 v1.03, midpoint (H) | human toxicity: non-carcinogenic | human toxicity potential (HTPnc)",33.5572672623271
contemp,recycling_newscrap,c3c4,"ReCiPe 2016 v1.03, midpoint (H)",ionising radiation,ionising radiation potential (IRP),"ReCiPe 2016 v1.03, midpoint (H) | ionising radiation | ionising radiation potential (IRP)",0.032636047306682785
contemp,recycling_newscrap,c3c4,"ReCiPe 2016 v1.03, midpoint (H)",land use,agricultural land occupation (LOP),"ReCiPe 2016 v1.03, midpoint (H) | land use | agricultural land occupation (LOP)",0.11026172201012013
contemp,recycling_newscrap,c3c4,"ReCiPe 2016 v1.03, midpoint (H)",material resources: metals/minerals,surplus ore potential (SOP),"ReCiPe 2016 v1.03, midpoint (H) | material resources: metals/minerals | surplus ore potential (SOP)",0.0849332531046941
contemp,recycling_newscrap,c3c4,"ReCiPe 2016 v1.03, midpoint (H)",ozone depletion,ozone depletion potential (ODPinfinite),"ReCiPe 2016 v1.03, midpoint (H) | ozone depletion | ozone depletion potential (ODPinfinite)",1.7449111393762062e-06
contemp,recycling_newscrap,c3c4,"ReCiPe 2016 v1.03, midpoint (H)",particulate matter formation,particulate matter formation potential (PMFP),"ReCiPe 2016 v1.03, midpoint (H) | particulate matter formation | particulate matter formation potential (PMFP)",0.0019971878912167264
contemp,recycling_newscrap,c3c4,"ReCiPe 2016 v1.03, midpoint (H)",photochemical oxidant formation: human health,photochemical oxidant formation potential: humans (HOFP),"ReCiPe 2016 v1.03, midpoint (H) | photochemical oxidant formation: human health | photochemical oxidant formation potential: humans (HOFP)",0.004840981934187236
contemp,recycling_newscrap,c3c4,"ReCiPe 2016 v1.03, midpoint (H)",photochemical oxidant formation: terrestrial ecosystems,photochemical oxidant formation potential: ecosystems (EOFP),"ReCiPe 2016 v1.03, midpoint (H) | photochemical oxidant formation: terrestrial ecosystems | photochemical oxidant formation potential: ecosystems (EOFP)",0.005173801314507909
contemp,recycling_newscrap,c3c4,"ReCiPe 2016 v1.03, midpoint (H)",water use,water consumption potential (WCP),"ReCiPe 2016 v1.03, midpoint (H) | water use | water consumption potential (WCP)",-0.000837008452817172
contemp,recycling_newscrap,staged_total,"ReCiPe 2016 v1.03, midpoint (H)",climate change,global warming potential (GWP100),"ReCiPe 2016 v1.03, midpoint (H) | climate change | global warming potential (GWP100)",-28.663167755213443
contemp,recycling_newscrap,staged_total,"ReCiPe 2016 v1.03, midpoint (H)",acidification: terrestrial,terrestrial acidification potential (TAP),"ReCiPe 2016 v1.03, midpoint (H) | acidification: terrestrial | terrestrial acidification potential (TAP)",-0.18210676147595795
contemp,recycling_newscrap,staged_total,"ReCiPe 2016 v1.03, midpoint (H)",ecotoxicity: freshwater,freshwater ecotoxicity potential (FETP),"ReCiPe 2016 v1.03, midpoint (H) | ecotoxicity: freshwater | freshwater ecotoxicity potential (FETP)",-1.752634349390103
contemp,recycling_newscrap,staged_total,"ReCiPe 2016 v1.03, midpoint (H)",ecotoxicity: marine,marine ecotoxicity potential (METP),"ReCiPe 2016 v1.03, midpoint (H) | ecotoxicity: marine | marine ecotoxicity potential (METP)",-2.4700230720038876
contemp,recycling_newscrap,staged_total,"ReCiPe 2016 v1.03, midpoint (H)",ecotoxicity: terrestrial,terrestrial ecotoxicity potential (TETP),"ReCiPe 2016 v1.03, midpoint (H) | ecotoxicity: terrestrial | terrestrial ecotoxicity potential (TETP)",-28.24719570532395
contemp,recycling_newscrap,staged_total,"ReCiPe 2016 v1.03, midpoint (H)","energy resources: non-renewable, fossil",fossil fuel potential (FFP),"ReCiPe 2016 v1.03, midpoint (H) | energy resources: non-renewable, fossil | fossil fuel potential (FFP)",-5.7385497001813075
contemp,recycling_newscrap,staged_total,"ReCiPe 2016 v1.03, midpoint (H)",eutrophication: freshwater,freshwater eutrophication potential (FEP),"ReCiPe 2016 v1.03, midpoint (H) | eutrophication: freshwater | freshwater eutrophication potential (FEP)",-0.006855276743898703
contemp,recycling_newscrap,staged_total,"ReCiPe 2016 v1.03, midpoint (H)",eutrophication: marine,marine eutrophication potential (MEP),"ReCiPe 2016 v1.03, midpoint (H) | eutrophication: marine | marine eutrophication potential (MEP)",-0.0006177381540878082
contemp,recycling_newscrap,staged_total,"ReCiPe 2016 v1.03, midpoint (H)",human toxicity: carcinogenic,human toxicity potential (HTPc),"ReCiPe 2016 v1.03, midpoint (H) | human toxicity: carcinogenic | human toxicity potential (HTPc)",-42.93935714917352
contemp,recycling_newscrap,staged_total,"ReCiPe 2016 v1.03, midpoint (H)",human toxicity: non-carcinogenic,human toxicity potential (HTPnc),"ReCiPe 2016 v1.03, midpoint (H) | human toxicity: non-carcinogenic | human toxicity potential (HTPnc)",-36.714057115155285
contemp,recycling_newscrap,staged_total,"ReCiPe 2016 v1.03, midpoint (H)",ionising radiation,ionising radiation potential (IRP),"ReCiPe 2016 v1.03, midpoint (H) | ionising radiation | ionising radiation potential (IRP)",0.18582916262777427
contemp,recycling_newscrap,staged_total,"ReCiPe 2016 v1.03, midpoint (H)",land use,agricultural land occupation (LOP),"ReCiPe 2016 v1.03, midpoint (H) | land use | agricultural land occupation (LOP)",-0.487220442891575
contemp,recycling_newscrap,staged_total,"ReCiPe 2016 v1.03, midpoint (H)",material resources: metals/minerals,surplus ore potential (SOP),"ReCiPe 2016 v1.03, midpoint (H) | material resources: metals/minerals | surplus ore potential (SOP)",-0.8773333076209833
contemp,recycling_newscrap,staged_total,"ReCiPe 2016 v1.03, midpoint (H)",ozone depletion,ozone depletion potential (ODPinfinite),"ReCiPe 2016 v1.03, midpoint (H) | ozone depletion | ozone depletion potential (ODPinfinite)",-6.995301770787292e-06
contemp,recycling_newscrap,staged_total,"ReCiPe 2016 v1.03, midpoint (H)",particulate matter formation,particulate matter formation potential (PMFP),"ReCiPe 2016 v1.03, midpoint (H) | particulate matter formation | particulate matter formation potential (PMFP)",-0.06532076606050179
contemp,recycling_newscrap,staged_total,"ReCiPe 2016 v1.03, midpoint (H)",photochemical oxidant formation: human health,photochemical oxidant formation potential: humans (HOFP),"ReCiPe 2016 v1.03, midpoint (H) | photochemical oxidant formation: human health | photochemical oxidant formation potential: humans (HOFP)",-0.0703097355647191
contemp,recycling_newscrap,staged_total,"ReCiPe 2016 v1.03, midpoint (H)",photochemical oxidant formation: terrestrial ecosystems,photochemical oxidant formation potential: ecosystems (EOFP),"ReCiPe 2016 v1.03, midpoint (H) | photochemical oxidant formation: terrestrial ecosystems | photochemical oxidant formation potential: ecosystems (EOFP)",-0.07418065419357497
contemp,recycling_newscrap,staged_total,"ReCiPe 2016 v1.03, midpoint (H)",water use,water consumption potential (WCP),"ReCiPe 2016 v1.03, midpoint (H) | water use | water consumption potential (WCP)",-1.065295951491312
contemp,recycling_newscrap,joint,"ReCiPe 2016 v1.03, midpoint (H)",climate change,global warming potential (GWP100),"ReCiPe 2016 v1.03, midpoint (H) | climate change | global warming potential (GWP100)",-26.542667016080056
contemp,recycling_newscrap,joint,"ReCiPe 2016 v1.03, midpoint (H)",acidification: terrestrial,terrestrial acidification potential (TAP),"ReCiPe 2016 v1.03, midpoint (H) | acidification: terrestrial | terrestrial acidification potential (TAP)",-0.1773811866182849
contemp,recycling_newscrap,joint,"ReCiPe 2016 v1.03, midpoint (H)",ecotoxicity: freshwater,freshwater ecotoxicity potential (FETP),"ReCiPe 2016 v1.03, midpoint (H) | ecotoxicity: freshwater | freshwater ecotoxicity potential (FETP)",-0.8665115987883043
contemp,recycling_newscrap,joint,"ReCiPe 2016 v1.03, midpoint (H)",ecotoxicity: marine,marine ecotoxicity potential (METP),"ReCiPe 2016 v1.03, midpoint (H) | ecotoxicity: marine | marine ecotoxicity potential (METP)",-1.2502870004287632
contemp,recycling_newscrap,joint,"ReCiPe 2016 v1.03, midpoint (H)",ecotoxicity: terrestrial,terrestrial ecotoxicity potential (TETP),"ReCiPe 2016 v1.03, midpoint (H) | ecotoxicity: terrestrial | terrestrial ecotoxicity potential (TETP)",17.86398448047471
contemp,recycling_newscrap,joint,"ReCiPe 2016 v1.03, midpoint (H)","energy resources: non-renewable, fossil",fossil fuel potential (FFP),"ReCiPe 2016 v1.03, midpoint (H) | energy resources: non-renewable, fossil | fossil fuel potential (FFP)",-5.149658301469971
contemp,recycling_newscrap,joint,"ReCiPe 2016 v1.03, midpoint (H)",eutrophication: freshwater,freshwater eutrophication potential (FEP),"ReCiPe 2016 v1.03, midpoint (H) | eutrophication: freshwater | freshwater eutrophication potential (FEP)",-0.006262200218452897
contemp,recycling_newscrap,joint,"ReCiPe 2016 v1.03, midpoint (H)",eutrophication: marine,marine eutrophication potential (MEP),"ReCiPe 2016 v1.03, midpoint (H) | eutrophication: marine | marine eutrophication potential (MEP)",-0.0006256176344003018
contemp,recycling_newscrap,joint,"ReCiPe 2016 v1.03, midpoint (H)",human toxicity: carcinogenic,human toxicity potential (HTPc),"ReCiPe 2016 v1.03, midpoint (H) | human toxicity: carcinogenic | human toxicity potential (HTPc)",-42.559060338996645
contemp,recycling_newscrap,joint,"ReCiPe 2016 v1.03, midpoint (H)",human toxicity: non-carcinogenic,human toxicity potential (HTPnc),"ReCiPe 2016 v1.03, midpoint (H) | human toxicity: non-carcinogenic | human toxicity potential (HTPnc)",-3.1567898528281653
contemp,recycling_newscrap,joint,"ReCiPe 2016 v1.03, midpoint (H)",ionising radiation,ionising radiation potential (IRP),"ReCiPe 2016 v1.03, midpoint (H) | ionising radiation | ionising radiation potential (IRP)",0.21846520993445717
contemp,recycling_newscrap,joint,"ReCiPe 2016 v1.03, midpoint (H)",land use,agricultural land occupation (LOP),"ReCiPe 2016 v1.03, midpoint (H) | land use | agricultural land occupation (LOP)",-0.37695872088145443
contemp,recycling_newscrap,joint,"ReCiPe 2016 v1.03, midpoint (H)",material resources: metals/minerals,surplus ore potential (SOP),"ReCiPe 2016 v1.03, midpoint (H) | material resources: metals/minerals | surplus ore potential (SOP)",-0.7924000545162887
contemp,recycling_newscrap,joint,"ReCiPe 2016 v1.03, midpoint (H)",ozone depletion,ozone depletion potential (ODPinfinite),"ReCiPe 2016 v1.03, midpoint (H) | ozone depletion | ozone depletion potential (ODPinfinite)",-5.250390631411089e-06
contemp,recycling_newscrap,joint,"ReCiPe 2016 v1.03, midpoint (H)",particulate matter formation,particulate matter formation potential (PMFP),"ReCiPe 2016 v1.03, midpoint (H) | particulate matter formation | particulate matter formation potential (PMFP)",-0.06332357816928508
contemp,recycling_newscrap,joint,"ReCiPe 2016 v1.03, midpoint (H)",photochemical oxidant formation: human health,photochemical oxidant formation potential: humans (HOFP),"ReCiPe 2016 v1.03, midpoint (H) | photochemical oxidant formation: human health | photochemical oxidant formation potential: humans (HOFP)",-0.06546875363053194
contemp,recycling_newscrap,joint,"ReCiPe 2016 v1.03, midpoint (H)",photochemical oxidant formation: terrestrial ecosystems,photochemical oxidant formation potential: ecosystems (EOFP),"ReCiPe 2016 v1.03, midpoint (H) | photochemical oxidant formation: terrestrial ecosystems | photochemical oxidant formation potential: ecosystems (EOFP)",-0.06900685287906713
contemp,recycling_newscrap,joint,"ReCiPe 2016 v1.03, midpoint (H)",water use,water consumption potential (WCP),"ReCiPe 2016 v1.03, midpoint (H) | water use | water consumption potential (WCP)",-1.0661329599441294
contemp,recycling_newscrap,net,"ReCiPe 2016 v1.03, midpoint (H)",climate change,global warming potential (GWP100),"ReCiPe 2016 v1.03, midpoint (H) | climate change | global warming potential (GWP100)",-26.542667016080056
contemp,recycling_newscrap,net,"ReCiPe 2016 v1.03, midpoint (H)",acidification: terrestrial,terrestrial acidification potential (TAP),"ReCiPe 2016 v1.03, midpoint (H) | acidification: terrestrial | terrestrial acidification potential (TAP)",-0.1773811866182849
contemp,recycling_newscrap,net,"ReCiPe 2016 v1.03, midpoint (H)",ecotoxicity: freshwater,freshwater ecotoxicity potential (FETP),"ReCiPe 2016 v1.03, midpoint (H) | ecotoxicity: freshwater | freshwater ecotoxicity potential (FETP)",-0.8665115987883042
contemp,recycling_newscrap,net,"ReCiPe 2016 v1.03, midpoint (H)",ecotoxicity: marine,marine ecotoxicity potential (METP),"ReCiPe 2016 v1.03, midpoint (H) | ecotoxicity: marine | marine ecotoxicity potential (METP)",-1.2502870004287627
contemp,recycling_newscrap,net,"ReCiPe 2016 v1.03, midpoint (H)",ecotoxicity: terrestrial,terrestrial ecotoxicity potential (TETP),"ReCiPe 2016 v1.03, midpoint (H) | ecotoxicity: terrestrial | terrestrial ecotoxicity potential (TETP)",17.86398448047472
contemp,recycling_newscrap,net,"ReCiPe 2016 v1.03, midpoint (H)","energy resources: non-renewable, fossil",fossil fuel potential (FFP),"ReCiPe 2016 v1.03, midpoint (H) | energy resources: non-renewable, fossil | fossil fuel potential (FFP)",-5.149658301469971
contemp,recycling_newscrap,net,"ReCiPe 2016 v1.03, midpoint (H)",eutrophication: freshwater,freshwater eutrophication potential (FEP),"ReCiPe 2016 v1.03, midpoint (H) | eutrophication: freshwater | freshwater eutrophication potential (FEP)",-0.006262200218452897
contemp,recycling_newscrap,net,"ReCiPe 2016 v1.03, midpoint (H)",eutrophication: marine,marine eutrophication potential (MEP),"ReCiPe 2016 v1.03, midpoint (H) | eutrophication: marine | marine eutrophication potential (MEP)",-0.0006256176344003018
contemp,recycling_newscrap,net,"ReCiPe 2016 v1.03, midpoint (H)",human toxicity: carcinogenic,human toxicity potential (HTPc),"ReCiPe 2016 v1.03, midpoint (H) | human toxicity: carcinogenic | human toxicity potential (HTPc)",-42.559060338996645
contemp,recycling_newscrap,net,"ReCiPe 2016 v1.03, midpoint (H)",human toxicity: non-carcinogenic,human toxicity potential (HTPnc),"ReCiPe 2016 v1.03, midpoint (H) | human toxicity: non-carcinogenic | human toxicity potential (HTPnc)",-3.156789852828154
contemp,recycling_newscrap,net,"ReCiPe 2016 v1.03, midpoint (H)",ionising radiation,ionising radiation potential (IRP),"ReCiPe 2016 v1.03, midpoint (H) | ionising radiation | ionising radiation potential (IRP)",0.2184652099344572
contemp,recycling_newscrap,net,"ReCiPe 2016 v1.03, midpoint (H)",land use,agricultural land occupation (LOP),"ReCiPe 2016 v1.03, midpoint (H) | land use | agricultural land occupation (LOP)",-0.37695872088145443
contemp,recycling_newscrap,net,"ReCiPe 2016 v1.03, midpoint (H)",material resources: metals/minerals,surplus ore potential (SOP),"ReCiPe 2016 v1.03, midpoint (H) | material resources: metals/minerals | surplus ore potential (SOP)",-0.7924000545162887
contemp,recycling_newscrap,net,"ReCiPe 2016 v1.03, midpoint (H)",ozone depletion,ozone depletion potential (ODPinfinite),"ReCiPe 2016 v1.03, midpoint (H) | ozone depletion | ozone depletion potential (ODPinfinite)",-5.250390631411089e-06
contemp,recycling_newscrap,net,"ReCiPe 2016 v1.03, midpoint (H)",particulate matter formation,particulate matter formation potential (PMFP),"ReCiPe 2016 v1.03, midpoint (H) | particulate matter formation | particulate matter formation potential (PMFP)",-0.06332357816928508
contemp,recycling_newscrap,net,"ReCiPe 2016 v1.03, midpoint (H)",photochemical oxidant formation: human health,photochemical oxidant formation potential: humans (HOFP),"ReCiPe 2016 v1.03, midpoint (H) | photochemical oxidant formation: human health | photochemical oxidant formation potential: humans (HOFP)",-0.06546875363053192
contemp,recycling_newscrap,net,"ReCiPe 2016 v1.03, midpoint (H)",photochemical oxidant formation: terrestrial ecosystems,photochemical oxidant formation potential: ecosystems (EOFP),"ReCiPe 2016 v1.03, midpoint (H) | photochemical oxidant formation: terrestrial ecosystems | photochemical oxidant formation potential: ecosystems (EOFP)",-0.06900685287906713
contemp,recycling_newscrap,net,"ReCiPe 2016 v1.03, midpoint (H)",water use,water consumption potential (WCP),"ReCiPe 2016 v1.03, midpoint (H) | water use | water consumption potential (WCP)",-1.0661329599441294
