scenario,case,bg_db,method_0,method_1,method_2,method,score,solver,tech_shape,n_activities,n_products,error
SSP1VLLO_2050,gateA_only,prospective_conseq_IMAGE_SSP1VLLO_2050_PERF,"ReCiPe 2016 v1.03, midpoint (H)",climate change,global warming potential (GWP100),"ReCiPe 2016 v1.03, midpoint (H) | climate change | global warming potential (GWP100)",-0.012623809945838192,standard,"(107090, 107090)",107090,107090,
SSP1VLLO_2050,gateA_only,prospective_conseq_IMAGE_SSP1VLLO_2050_PERF,"ReCiPe 2016 v1.03, midpoint (H)",acidification: terrestrial,terrestrial acidification potential (TAP),"ReCiPe 2016 v1.03, midpoint (H) | acidification: terrestrial | terrestrial acidification potential (TAP)",-0.037925510181688125,standard,"(107090, 107090)",107090,107090,
SSP1VLLO_2050,gateA_only,prospective_conseq_IMAGE_SSP1VLLO_2050_PERF,"ReCiPe 2016 v1.03, midpoint (H)",climate change,global warming potential (GWP1000),"ReCiPe 2016 v1.03, midpoint (H) | climate change | global warming potential (GWP1000)",-0.07344747274992547,standard,"(107090, 107090)",107090,107090,
SSP1VLLO_2050,gateA_only,prospective_conseq_IMAGE_SSP1VLLO_2050_PERF,"ReCiPe 2016 v1.03, midpoint (H)",ecotoxicity: freshwater,freshwater ecotoxicity potential (FETP),"ReCiPe 2016 v1.03, midpoint (H) | ecotoxicity: freshwater | freshwater ecotoxicity potential (FETP)",43.12299647544117,standard,"(107090, 107090)",107090,107090,
SSP1VLLO_2050,gateA_only,prospective_conseq_IMAGE_SSP1VLLO_2050_PERF,"ReCiPe 2016 v1.03, midpoint (H)",ecotoxicity: marine,marine ecotoxicity potential (METP),"ReCiPe 2016 v1.03, midpoint (H) | ecotoxicity: marine | marine ecotoxicity potential (METP)",51.314974009040206,standard,"(107090, 107090)",107090,107090,
SSP1VLLO_2050,gateA_only,prospective_conseq_IMAGE_SSP1VLLO_2050_PERF,"ReCiPe 2016 v1.03, midpoint (H)",ecotoxicity: terrestrial,terrestrial ecotoxicity potential (TETP),"ReCiPe 2016 v1.03, midpoint (H) | ecotoxicity: terrestrial | terrestrial ecotoxicity potential (TETP)",-71.98491576427064,standard,"(107090, 107090)",107090,107090,
SSP1VLLO_2050,gateA_only,prospective_conseq_IMAGE_SSP1VLLO_2050_PERF,"ReCiPe 2016 v1.03, midpoint (H)","energy resources: non-renewable, fossil",fossil fuel potential (FFP),"ReCiPe 2016 v1.03, midpoint (H) | energy resources: non-renewable, fossil | fossil fuel potential (FFP)",-0.10668839683896322,standard,"(107090, 107090)",107090,107090,
SSP1VLLO_2050,gateA_only,prospective_conseq_IMAGE_SSP1VLLO_2050_PERF,"ReCiPe 2016 v1.03, midpoint (H)",eutrophication: freshwater,freshwater eutrophication potential (FEP),"ReCiPe 2016 v1.03, midpoint (H) | eutrophication: freshwater | freshwater eutrophication potential (FEP)",-0.001961197801450586,standard,"(107090, 107090)",107090,107090,
SSP1VLLO_2050,gateA_only,prospective_conseq_IMAGE_SSP1VLLO_2050_PERF,"ReCiPe 2016 v1.03, midpoint (H)",eutrophication: marine,marine eutrophication potential (MEP),"ReCiPe 2016 v1.03, midpoint (H) | eutrophication: marine | marine eutrophication potential (MEP)",5.037094194980507e-05,standard,"(107090, 107090)",107090,107090,
SSP1VLLO_2050,gateA_only,prospective_conseq_IMAGE_SSP1VLLO_2050_PERF,"ReCiPe 2016 v1.03, midpoint (H)",human toxicity: carcinogenic,human toxicity potential (HTPc),"ReCiPe 2016 v1.03, midpoint (H) | human toxicity: carcinogenic | human toxicity potential (HTPc)",2.3617804416953367,standard,"(107090, 107090)",107090,107090,
SSP1VLLO_2050,gateA_only,prospective_conseq_IMAGE_SSP1VLLO_2050_PERF,"ReCiPe 2016 v1.03, midpoint (H)",human toxicity: non-carcinogenic,human toxicity potential (HTPnc),"ReCiPe 2016 v1.03, midpoint (H) | human toxicity: non-carcinogenic | human toxicity potential (HTPnc)",-27.858952327932343,standard,"(107090, 107090)",107090,107090,
SSP1VLLO_2050,gateA_only,prospective_conseq_IMAGE_SSP1VLLO_2050_PERF,"ReCiPe 2016 v1.03, midpoint (H)",ionising radiation,ionising radiation potential (IRP),"ReCiPe 2016 v1.03, midpoint (H) | ionising radiation | ionising radiation potential (IRP)",-0.020251270193317128,standard,"(107090, 107090)",107090,107090,
SSP1VLLO_2050,gateA_only,prospective_conseq_IMAGE_SSP1VLLO_2050_PERF,"ReCiPe 2016 v1.03, midpoint (H)",land use,agricultural land occupation (LOP),"ReCiPe 2016 v1.03, midpoint (H) | land use | agricultural land occupation (LOP)",-0.23282816819075502,standard,"(107090, 107090)",107090,107090,
SSP1VLLO_2050,gateA_only,prospective_conseq_IMAGE_SSP1VLLO_2050_PERF,"ReCiPe 2016 v1.03, midpoint (H)",material resources: metals/minerals,surplus ore potential (SOP),"ReCiPe 2016 v1.03, midpoint (H) | material resources: metals/minerals | surplus ore potential (SOP)",0.12265718708194513,standard,"(107090, 107090)",107090,107090,
SSP1VLLO_2050,gateA_only,prospective_conseq_IMAGE_SSP1VLLO_2050_PERF,"ReCiPe 2016 v1.03, midpoint (H)",ozone depletion,ozone depletion potential (ODPinfinite),"ReCiPe 2016 v1.03, midpoint (H) | ozone depletion | ozone depletion potential (ODPinfinite)",-1.0213771587548692e-06,standard,"(107090, 107090)",107090,107090,
SSP1VLLO_2050,gateA_only,prospective_conseq_IMAGE_SSP1VLLO_2050_PERF,"ReCiPe 2016 v1.03, midpoint (H)",particulate matter formation,particulate matter formation potential (PMFP),"ReCiPe 2016 v1.03, midpoint (H) | particulate matter formation | particulate matter formation potential (PMFP)",-0.009765633093451069,standard,"(107090, 107090)",107090,107090,
SSP1VLLO_2050,gateA_only,prospective_conseq_IMAGE_SSP1VLLO_2050_PERF,"ReCiPe 2016 v1.03, midpoint (H)",photochemical oxidant formation: human health,photochemical oxidant formation potential: humans (HOFP),"ReCiPe 2016 v1.03, midpoint (H) | photochemical oxidant formation: human health | photochemical oxidant formation potential: humans (HOFP)",-0.008045633133318998,standard,"(107090, 107090)",107090,107090,
SSP1VLLO_2050,gateA_only,prospective_conseq_IMAGE_SSP1VLLO_2050_PERF,"ReCiPe 2016 v1.03, midpoint (H)",photochemical oxidant formation: terrestrial ecosystems,photochemical oxidant formation potential: ecosystems (EOFP),"ReCiPe 2016 v1.03, midpoint (H) | photochemical oxidant formation: terrestrial ecosystems | photochemical oxidant formation potential: ecosystems (EOFP)",-0.00828144510705219,standard,"(107090, 107090)",107090,107090,
SSP1VLLO_2050,gateA_only,prospective_conseq_IMAGE_SSP1VLLO_2050_PERF,"ReCiPe 2016 v1.03, midpoint (H)",water use,water consumption potential (WCP),"ReCiPe 2016 v1.03, midpoint (H) | water use | water consumption potential (WCP)",0.002455000495692866,standard,"(107090, 107090)",107090,107090,
SSP1VLLO_2050,prep_only,prospective_conseq_IMAGE_SSP1VLLO_2050_PERF,"ReCiPe 2016 v1.03, midpoint (H)",climate change,global warming potential (GWP100),"ReCiPe 2016 v1.03, midpoint (H) | climate change | global warming potential (GWP100)",-0.006761010397748651,standard,"(107090, 107090)",107090,107090,
SSP1VLLO_2050,prep_only,prospective_conseq_IMAGE_SSP1VLLO_2050_PERF,"ReCiPe 2016 v1.03, midpoint (H)",acidification: terrestrial,terrestrial acidification potential (TAP),"ReCiPe 2016 v1.03, midpoint (H) | acidification: terrestrial | terrestrial acidification potential (TAP)",-0.03785966652164897,standard,"(107090, 107090)",107090,107090,
SSP1VLLO_2050,prep_only,prospective_conseq_IMAGE_SSP1VLLO_2050_PERF,"ReCiPe 2016 v1.03, midpoint (H)",climate change,global warming potential (GWP1000),"ReCiPe 2016 v1.03, midpoint (H) | climate change | global warming potential (GWP1000)",-0.06002971921459284,standard,"(107090, 107090)",107090,107090,
SSP1VLLO_2050,prep_only,prospective_conseq_IMAGE_SSP1VLLO_2050_PERF,"ReCiPe 2016 v1.03, midpoint (H)",ecotoxicity: freshwater,freshwater ecotoxicity potential (FETP),"ReCiPe 2016 v1.03, midpoint (H) | ecotoxicity: freshwater | freshwater ecotoxicity potential (FETP)",43.125206709800295,standard,"(107090, 107090)",107090,107090,
SSP1VLLO_2050,prep_only,prospective_conseq_IMAGE_SSP1VLLO_2050_PERF,"ReCiPe 2016 v1.03, midpoint (H)",ecotoxicity: marine,marine ecotoxicity potential (METP),"ReCiPe 2016 v1.03, midpoint (H) | ecotoxicity: marine | marine ecotoxicity potential (METP)",51.31780574518418,standard,"(107090, 107090)",107090,107090,
SSP1VLLO_2050,prep_only,prospective_conseq_IMAGE_SSP1VLLO_2050_PERF,"ReCiPe 2016 v1.03, midpoint (H)",ecotoxicity: terrestrial,terrestrial ecotoxicity potential (TETP),"ReCiPe 2016 v1.03, midpoint (H) | ecotoxicity: terrestrial | terrestrial ecotoxicity potential (TETP)",-71.83730515769969,standard,"(107090, 107090)",107090,107090,
SSP1VLLO_2050,prep_only,prospective_conseq_IMAGE_SSP1VLLO_2050_PERF,"ReCiPe 2016 v1.03, midpoint (H)","energy resources: non-renewable, fossil",fossil fuel potential (FFP),"ReCiPe 2016 v1.03, midpoint (H) | energy resources: non-renewable, fossil | fossil fuel potential (FFP)",-0.10523790119750472,standard,"(107090, 107090)",107090,107090,
SSP1VLLO_2050,prep_only,prospective_conseq_IMAGE_SSP1VLLO_2050_PERF,"ReCiPe 2016 v1.03, midpoint (H)",eutrophication: freshwater,freshwater eutrophication potential (FEP),"ReCiPe 2016 v1.03, midpoint (H) | eutrophication: freshwater | freshwater eutrophication potential (FEP)",-0.0019624054739732335,standard,"(107090, 107090)",107090,107090,
SSP1VLLO_2050,prep_only,prospective_conseq_IMAGE_SSP1VLLO_2050_PERF,"ReCiPe 2016 v1.03, midpoint (H)",eutrophication: marine,marine eutrophication potential (MEP),"ReCiPe 2016 v1.03, midpoint (H) | eutrophication: marine | marine eutrophication potential (MEP)",5.280382682224663e-05,standard,"(107090, 107090)",107090,107090,
SSP1VLLO_2050,prep_only,prospective_conseq_IMAGE_SSP1VLLO_2050_PERF,"ReCiPe 2016 v1.03, midpoint (H)",human toxicity: carcinogenic,human toxicity potential (HTPc),"ReCiPe 2016 v1.03, midpoint (H) | human toxicity: carcinogenic | human toxicity potential (HTPc)",2.36486427738249,standard,"(107090, 107090)",107090,107090,
SSP1VLLO_2050,prep_only,prospective_conseq_IMAGE_SSP1VLLO_2050_PERF,"ReCiPe 2016 v1.03, midpoint (H)",human toxicity: non-carcinogenic,human toxicity potential (HTPnc),"ReCiPe 2016 v1.03, midpoint (H) | human toxicity: non-carcinogenic | human toxicity potential (HTPnc)",-27.834027736278,standard,"(107090, 107090)",107090,107090,
SSP1VLLO_2050,prep_only,prospective_conseq_IMAGE_SSP1VLLO_2050_PERF,"ReCiPe 2016 v1.03, midpoint (H)",ionising radiation,ionising radiation potential (IRP),"ReCiPe 2016 v1.03, midpoint (H) | ionising radiation | ionising radiation potential (IRP)",-0.020480540944004814,standard,"(107090, 107090)",107090,107090,
SSP1VLLO_2050,prep_only,prospective_conseq_IMAGE_SSP1VLLO_2050_PERF,"ReCiPe 2016 v1.03, midpoint (H)",land use,agricultural land occupation (LOP),"ReCiPe 2016 v1.03, midpoint (H) | land use | agricultural land occupation (LOP)",-0.20220035092578556,standard,"(107090, 107090)",107090,107090,
SSP1VLLO_2050,prep_only,prospective_conseq_IMAGE_SSP1VLLO_2050_PERF,"ReCiPe 2016 v1.03, midpoint (H)",material resources: metals/minerals,surplus ore potential (SOP),"ReCiPe 2016 v1.03, midpoint (H) | material resources: metals/minerals | surplus ore potential (SOP)",0.12236244454048964,standard,"(107090, 107090)",107090,107090,
SSP1VLLO_2050,prep_only,prospective_conseq_IMAGE_SSP1VLLO_2050_PERF,"ReCiPe 2016 v1.03, midpoint (H)",ozone depletion,ozone depletion potential (ODPinfinite),"ReCiPe 2016 v1.03, midpoint (H) | ozone depletion | ozone depletion potential (ODPinfinite)",-1.0129142010341573e-06,standard,"(107090, 107090)",107090,107090,
SSP1VLLO_2050,prep_only,prospective_conseq_IMAGE_SSP1VLLO_2050_PERF,"ReCiPe 2016 v1.03, midpoint (H)",particulate matter formation,particulate matter formation potential (PMFP),"ReCiPe 2016 v1.03, midpoint (H) | particulate matter formation | particulate matter formation potential (PMFP)",-0.009749067241554424,standard,"(107090, 107090)",107090,107090,
SSP1VLLO_2050,prep_only,prospective_conseq_IMAGE_SSP1VLLO_2050_PERF,"ReCiPe 2016 v1.03, midpoint (H)",photochemical oxidant formation: human health,photochemical oxidant formation potential: humans (HOFP),"ReCiPe 2016 v1.03, midpoint (H) | photochemical oxidant formation: human health | photochemical oxidant formation potential: humans (HOFP)",-0.007997705399516256,standard,"(107090, 107090)",107090,107090,
SSP1VLLO_2050,prep_only,prospective_conseq_IMAGE_SSP1VLLO_2050_PERF,"ReCiPe 2016 v1.03, midpoint (H)",photochemical oxidant formation: terrestrial ecosystems,photochemical oxidant formation potential: ecosystems (EOFP),"ReCiPe 2016 v1.03, midpoint (H) | photochemical oxidant formation: terrestrial ecosystems | photochemical oxidant formation potential: ecosystems (EOFP)",-0.008231841757435692,standard,"(107090, 107090)",107090,107090,
SSP1VLLO_2050,prep_only,prospective_conseq_IMAGE_SSP1VLLO_2050_PERF,"ReCiPe 2016 v1.03, midpoint (H)",water use,water consumption potential (WCP),"ReCiPe 2016 v1.03, midpoint (H) | water use | water consumption potential (WCP)",0.0023049334199541924,standard,"(107090, 107090)",107090,107090,
SSP1VLLO_2050,c3c4_only,prospective_conseq_IMAGE_SSP1VLLO_2050_PERF,"ReCiPe 2016 v1.03, midpoint (H)",climate change,global warming potential (GWP100),"ReCiPe 2016 v1.03, midpoint (H) | climate change | global warming potential (GWP100)",1.1127526989577334,standard,"(107090, 107090)",107090,107090,
SSP1VLLO_2050,c3c4_only,prospective_conseq_IMAGE_SSP1VLLO_2050_PERF,"ReCiPe 2016 v1.03, midpoint (H)",acidification: terrestrial,terrestrial acidification potential (TAP),"ReCiPe 2016 v1.03, midpoint (H) | acidification: terrestrial | terrestrial acidification potential (TAP)",-0.03715346107637226,standard,"(107090, 107090)",107090,107090,
SSP1VLLO_2050,c3c4_only,prospective_conseq_IMAGE_SSP1VLLO_2050_PERF,"ReCiPe 2016 v1.03, midpoint (H)",climate change,global warming potential (GWP1000),"ReCiPe 2016 v1.03, midpoint (H) | climate change | global warming potential (GWP1000)",7.960034498873587,standard,"(107090, 107090)",107090,107090,
SSP1VLLO_2050,c3c4_only,prospective_conseq_IMAGE_SSP1VLLO_2050_PERF,"ReCiPe 2016 v1.03, midpoint (H)",ecotoxicity: freshwater,freshwater ecotoxicity potential (FETP),"ReCiPe 2016 v1.03, midpoint (H) | ecotoxicity: freshwater | freshwater ecotoxicity potential (FETP)",43.929196352502856,standard,"(107090, 107090)",107090,107090,
SSP1VLLO_2050,c3c4_only,prospective_conseq_IMAGE_SSP1VLLO_2050_PERF,"ReCiPe 2016 v1.03, midpoint (H)",ecotoxicity: marine,marine ecotoxicity potential (METP),"ReCiPe 2016 v1.03, midpoint (H) | ecotoxicity: marine | marine ecotoxicity potential (METP)",52.37638571437265,standard,"(107090, 107090)",107090,107090,
SSP1VLLO_2050,c3c4_only,prospective_conseq_IMAGE_SSP1VLLO_2050_PERF,"ReCiPe 2016 v1.03, midpoint (H)",ecotoxicity: terrestrial,terrestrial ecotoxicity potential (TETP),"ReCiPe 2016 v1.03, midpoint (H) | ecotoxicity: terrestrial | terrestrial ecotoxicity potential (TETP)",-60.48312220135654,standard,"(107090, 107090)",107090,107090,
SSP1VLLO_2050,c3c4_only,prospective_conseq_IMAGE_SSP1VLLO_2050_PERF,"ReCiPe 2016 v1.03, midpoint (H)","energy resources: non-renewable, fossil",fossil fuel potential (FFP),"ReCiPe 2016 v1.03, midpoint (H) | energy resources: non-renewable, fossil | fossil fuel potential (FFP)",0.04281985057672444,standard,"(107090, 107090)",107090,107090,
SSP1VLLO_2050,c3c4_only,prospective_conseq_IMAGE_SSP1VLLO_2050_PERF,"ReCiPe 2016 v1.03, midpoint (H)",eutrophication: freshwater,freshwater eutrophication potential (FEP),"ReCiPe 2016 v1.03, midpoint (H) | eutrophication: freshwater | freshwater eutrophication potential (FEP)",0.004424663623084382,standard,"(107090, 107090)",107090,107090,
SSP1VLLO_2050,c3c4_only,prospective_conseq_IMAGE_SSP1VLLO_2050_PERF,"ReCiPe 2016 v1.03, midpoint (H)",eutrophication: marine,marine eutrophication potential (MEP),"ReCiPe 2016 v1.03, midpoint (H) | eutrophication: marine | marine eutrophication potential (MEP)",0.0004163287133680053,standard,"(107090, 107090)",107090,107090,
SSP1VLLO_2050,c3c4_only,prospective_conseq_IMAGE_SSP1VLLO_2050_PERF,"ReCiPe 2016 v1.03, midpoint (H)",human toxicity: carcinogenic,human toxicity potential (HTPc),"ReCiPe 2016 v1.03, midpoint (H) | human toxicity: carcinogenic | human toxicity potential (HTPc)",3.0934732604442536,standard,"(107090, 107090)",107090,107090,
SSP1VLLO_2050,c3c4_only,prospective_conseq_IMAGE_SSP1VLLO_2050_PERF,"ReCiPe 2016 v1.03, midpoint (H)",human toxicity: non-carcinogenic,human toxicity potential (HTPnc),"ReCiPe 2016 v1.03, midpoint (H) | human toxicity: non-carcinogenic | human toxicity potential (HTPnc)",-10.47263245984984,standard,"(107090, 107090)",107090,107090,
SSP1VLLO_2050,c3c4_only,prospective_conseq_IMAGE_SSP1VLLO_2050_PERF,"ReCiPe 2016 v1.03, midpoint (H)",ionising radiation,ionising radiation potential (IRP),"ReCiPe 2016 v1.03, midpoint (H) | ionising radiation | ionising radiation potential (IRP)",-0.03769344948614692,standard,"(107090, 107090)",107090,107090,
SSP1VLLO_2050,c3c4_only,prospective_conseq_IMAGE_SSP1VLLO_2050_PERF,"ReCiPe 2016 v1.03, midpoint (H)",land use,agricultural land occupation (LOP),"ReCiPe 2016 v1.03, midpoint (H) | land use | agricultural land occupation (LOP)",-0.5827209215477435,standard,"(107090, 107090)",107090,107090,
SSP1VLLO_2050,c3c4_only,prospective_conseq_IMAGE_SSP1VLLO_2050_PERF,"ReCiPe 2016 v1.03, midpoint (H)",material resources: metals/minerals,surplus ore potential (SOP),"ReCiPe 2016 v1.03, midpoint (H) | material resources: metals/minerals | surplus ore potential (SOP)",0.13498879338322842,standard,"(107090, 107090)",107090,107090,
SSP1VLLO_2050,c3c4_only,prospective_conseq_IMAGE_SSP1VLLO_2050_PERF,"ReCiPe 2016 v1.03, midpoint (H)",ozone depletion,ozone depletion potential (ODPinfinite),"ReCiPe 2016 v1.03, midpoint (H) | ozone depletion | ozone depletion potential (ODPinfinite)",2.5206319679975114e-05,standard,"(107090, 107090)",107090,107090,
SSP1VLLO_2050,c3c4_only,prospective_conseq_IMAGE_SSP1VLLO_2050_PERF,"ReCiPe 2016 v1.03, midpoint (H)",particulate matter formation,particulate matter formation potential (PMFP),"ReCiPe 2016 v1.03, midpoint (H) | particulate matter formation | particulate matter formation potential (PMFP)",-0.00998547181908042,standard,"(107090, 107090)",107090,107090,
SSP1VLLO_2050,c3c4_only,prospective_conseq_IMAGE_SSP1VLLO_2050_PERF,"ReCiPe 2016 v1.03, midpoint (H)",photochemical oxidant formation: human health,photochemical oxidant formation potential: humans (HOFP),"ReCiPe 2016 v1.03, midpoint (H) | photochemical oxidant formation: human health | photochemical oxidant formation potential: humans (HOFP)",-0.0013760648271620279,standard,"(107090, 107090)",107090,107090,
SSP1VLLO_2050,c3c4_only,prospective_conseq_IMAGE_SSP1VLLO_2050_PERF,"ReCiPe 2016 v1.03, midpoint (H)",photochemical oxidant formation: terrestrial ecosystems,photochemical oxidant formation potential: ecosystems (EOFP),"ReCiPe 2016 v1.03, midpoint (H) | photochemical oxidant formation: terrestrial ecosystems | photochemical oxidant formation potential: ecosystems (EOFP)",-0.0013021454958482529,standard,"(107090, 107090)",107090,107090,
SSP1VLLO_2050,c3c4_only,prospective_conseq_IMAGE_SSP1VLLO_2050_PERF,"ReCiPe 2016 v1.03, midpoint (H)",water use,water consumption potential (WCP),"ReCiPe 2016 v1.03, midpoint (H) | water use | water consumption potential (WCP)",0.0383221298117139,standard,"(107090, 107090)",107090,107090,
SSP1VLLO_2050,stageD_only,prospective_conseq_IMAGE_SSP1VLLO_2050_PERF,"ReCiPe 2016 v1.03, midpoint (H)",climate change,global warming potential (GWP100),"ReCiPe 2016 v1.03, midpoint (H) | climate change | global warming potential (GWP100)",-4.276622877663917,standard,"(107090, 107090)",107090,107090,
SSP1VLLO_2050,stageD_only,prospective_conseq_IMAGE_SSP1VLLO_2050_PERF,"ReCiPe 2016 v1.03, midpoint (H)",acidification: terrestrial,terrestrial acidification potential (TAP),"ReCiPe 2016 v1.03, midpoint (H) | acidification: terrestrial | terrestrial acidification potential (TAP)",-0.030444027657418382,standard,"(107090, 107090)",107090,107090,
SSP1VLLO_2050,stageD_only,prospective_conseq_IMAGE_SSP1VLLO_2050_PERF,"ReCiPe 2016 v1.03, midpoint (H)",climate change,global warming potential (GWP1000),"ReCiPe 2016 v1.03, midpoint (H) | climate change | global warming potential (GWP1000)",-15.71612603489982,standard,"(107090, 107090)",107090,107090,
SSP1VLLO_2050,stageD_only,prospective_conseq_IMAGE_SSP1VLLO_2050_PERF,"ReCiPe 2016 v1.03, midpoint (H)",ecotoxicity: freshwater,freshwater ecotoxicity potential (FETP),"ReCiPe 2016 v1.03, midpoint (H) | ecotoxicity: freshwater | freshwater ecotoxicity potential (FETP)",-1.6222235335780866,standard,"(107090, 107090)",107090,107090,
SSP1VLLO_2050,stageD_only,prospective_conseq_IMAGE_SSP1VLLO_2050_PERF,"ReCiPe 2016 v1.03, midpoint (H)",ecotoxicity: marine,marine ecotoxicity potential (METP),"ReCiPe 2016 v1.03, midpoint (H) | ecotoxicity: marine | marine ecotoxicity potential (METP)",-2.2846924474473678,standard,"(107090, 107090)",107090,107090,
SSP1VLLO_2050,stageD_only,prospective_conseq_IMAGE_SSP1VLLO_2050_PERF,"ReCiPe 2016 v1.03, midpoint (H)",ecotoxicity: terrestrial,terrestrial ecotoxicity potential (TETP),"ReCiPe 2016 v1.03, midpoint (H) | ecotoxicity: terrestrial | terrestrial ecotoxicity potential (TETP)",-45.17632969918238,standard,"(107090, 107090)",107090,107090,
SSP1VLLO_2050,stageD_only,prospective_conseq_IMAGE_SSP1VLLO_2050_PERF,"ReCiPe 2016 v1.03, midpoint (H)","energy resources: non-renewable, fossil",fossil fuel potential (FFP),"ReCiPe 2016 v1.03, midpoint (H) | energy resources: non-renewable, fossil | fossil fuel potential (FFP)",-1.2187544326590274,standard,"(107090, 107090)",107090,107090,
SSP1VLLO_2050,stageD_only,prospective_conseq_IMAGE_SSP1VLLO_2050_PERF,"ReCiPe 2016 v1.03, midpoint (H)",eutrophication: freshwater,freshwater eutrophication potential (FEP),"ReCiPe 2016 v1.03, midpoint (H) | eutrophication: freshwater | freshwater eutrophication potential (FEP)",-0.003309328350281747,standard,"(107090, 107090)",107090,107090,
SSP1VLLO_2050,stageD_only,prospective_conseq_IMAGE_SSP1VLLO_2050_PERF,"ReCiPe 2016 v1.03, midpoint (H)",eutrophication: marine,marine eutrophication potential (MEP),"ReCiPe 2016 v1.03, midpoint (H) | eutrophication: marine | marine eutrophication potential (MEP)",-0.00034832011964553014,standard,"(107090, 107090)",107090,107090,
SSP1VLLO_2050,stageD_only,prospective_conseq_IMAGE_SSP1VLLO_2050_PERF,"ReCiPe 2016 v1.03, midpoint (H)",human toxicity: carcinogenic,human toxicity potential (HTPc),"ReCiPe 2016 v1.03, midpoint (H) | human toxicity: carcinogenic | human toxicity potential (HTPc)",-37.67849539965356,standard,"(107090, 107090)",107090,107090,
SSP1VLLO_2050,stageD_only,prospective_conseq_IMAGE_SSP1VLLO_2050_PERF,"ReCiPe 2016 v1.03, midpoint (H)",human toxicity: non-carcinogenic,human toxicity potential (HTPnc),"ReCiPe 2016 v1.03, midpoint (H) | human toxicity: non-carcinogenic | human toxicity potential (HTPnc)",-34.43478431676936,standard,"(107090, 107090)",107090,107090,
SSP1VLLO_2050,stageD_only,prospective_conseq_IMAGE_SSP1VLLO_2050_PERF,"ReCiPe 2016 v1.03, midpoint (H)",ionising radiation,ionising radiation potential (IRP),"ReCiPe 2016 v1.03, midpoint (H) | ionising radiation | ionising radiation potential (IRP)",0.02197754174869852,standard,"(107090, 107090)",107090,107090,
SSP1VLLO_2050,stageD_only,prospective_conseq_IMAGE_SSP1VLLO_2050_PERF,"ReCiPe 2016 v1.03, midpoint (H)",land use,agricultural land occupation (LOP),"ReCiPe 2016 v1.03, midpoint (H) | land use | agricultural land occupation (LOP)",-7.86147486925217,standard,"(107090, 107090)",107090,107090,
SSP1VLLO_2050,stageD_only,prospective_conseq_IMAGE_SSP1VLLO_2050_PERF,"ReCiPe 2016 v1.03, midpoint (H)",material resources: metals/minerals,surplus ore potential (SOP),"ReCiPe 2016 v1.03, midpoint (H) | material resources: metals/minerals | surplus ore potential (SOP)",-0.7855801586279985,standard,"(107090, 107090)",107090,107090,
SSP1VLLO_2050,stageD_only,prospective_conseq_IMAGE_SSP1VLLO_2050_PERF,"ReCiPe 2016 v1.03, midpoint (H)",ozone depletion,ozone depletion potential (ODPinfinite),"ReCiPe 2016 v1.03, midpoint (H) | ozone depletion | ozone depletion potential (ODPinfinite)",-4.825394653203863e-06,standard,"(107090, 107090)",107090,107090,
SSP1VLLO_2050,stageD_only,prospective_conseq_IMAGE_SSP1VLLO_2050_PERF,"ReCiPe 2016 v1.03, midpoint (H)",particulate matter formation,particulate matter formation potential (PMFP),"ReCiPe 2016 v1.03, midpoint (H) | particulate matter formation | particulate matter formation potential (PMFP)",-0.012748226638029428,standard,"(107090, 107090)",107090,107090,
SSP1VLLO_2050,stageD_only,prospective_conseq_IMAGE_SSP1VLLO_2050_PERF,"ReCiPe 2016 v1.03, midpoint (H)",photochemical oxidant formation: human health,photochemical oxidant formation potential: humans (HOFP),"ReCiPe 2016 v1.03, midpoint (H) | photochemical oxidant formation: human health | photochemical oxidant formation potential: humans (HOFP)",-0.035607010826582165,standard,"(107090, 107090)",107090,107090,
SSP1VLLO_2050,stageD_only,prospective_conseq_IMAGE_SSP1VLLO_2050_PERF,"ReCiPe 2016 v1.03, midpoint (H)",photochemical oxidant formation: terrestrial ecosystems,photochemical oxidant formation potential: ecosystems (EOFP),"ReCiPe 2016 v1.03, midpoint (H) | photochemical oxidant formation: terrestrial ecosystems | photochemical oxidant formation potential: ecosystems (EOFP)",-0.036512773192542744,standard,"(107090, 107090)",107090,107090,
SSP1VLLO_2050,stageD_only,prospective_conseq_IMAGE_SSP1VLLO_2050_PERF,"ReCiPe 2016 v1.03, midpoint (H)",water use,water consumption potential (WCP),"ReCiPe 2016 v1.03, midpoint (H) | water use | water consumption potential (WCP)",-0.051529371452617954,standard,"(107090, 107090)",107090,107090,
SSP1VLLO_2050,joint,prospective_conseq_IMAGE_SSP1VLLO_2050_PERF,"ReCiPe 2016 v1.03, midpoint (H)",climate change,global warming potential (GWP100),"ReCiPe 2016 v1.03, midpoint (H) | climate change | global warming potential (GWP100)",-3.1638701787061847,standard,"(107090, 107090)",107090,107090,
SSP1VLLO_2050,joint,prospective_conseq_IMAGE_SSP1VLLO_2050_PERF,"ReCiPe 2016 v1.03, midpoint (H)",acidification: terrestrial,terrestrial acidification potential (TAP),"ReCiPe 2016 v1.03, midpoint (H) | acidification: terrestrial | terrestrial acidification potential (TAP)",-0.06759748873379073,standard,"(107090, 107090)",107090,107090,
SSP1VLLO_2050,joint,prospective_conseq_IMAGE_SSP1VLLO_2050_PERF,"ReCiPe 2016 v1.03, midpoint (H)",climate change,global warming potential (GWP1000),"ReCiPe 2016 v1.03, midpoint (H) | climate change | global warming potential (GWP1000)",-7.756091536026221,standard,"(107090, 107090)",107090,107090,
SSP1VLLO_2050,joint,prospective_conseq_IMAGE_SSP1VLLO_2050_PERF,"ReCiPe 2016 v1.03, midpoint (H)",ecotoxicity: freshwater,freshwater ecotoxicity potential (FETP),"ReCiPe 2016 v1.03, midpoint (H) | ecotoxicity: freshwater | freshwater ecotoxicity potential (FETP)",42.30697281892472,standard,"(107090, 107090)",107090,107090,
SSP1VLLO_2050,joint,prospective_conseq_IMAGE_SSP1VLLO_2050_PERF,"ReCiPe 2016 v1.03, midpoint (H)",ecotoxicity: marine,marine ecotoxicity potential (METP),"ReCiPe 2016 v1.03, midpoint (H) | ecotoxicity: marine | marine ecotoxicity potential (METP)",50.09169326692525,standard,"(107090, 107090)",107090,107090,
SSP1VLLO_2050,joint,prospective_conseq_IMAGE_SSP1VLLO_2050_PERF,"ReCiPe 2016 v1.03, midpoint (H)",ecotoxicity: terrestrial,terrestrial ecotoxicity potential (TETP),"ReCiPe 2016 v1.03, midpoint (H) | ecotoxicity: terrestrial | terrestrial ecotoxicity potential (TETP)",-105.65945190053914,standard,"(107090, 107090)",107090,107090,
SSP1VLLO_2050,joint,prospective_conseq_IMAGE_SSP1VLLO_2050_PERF,"ReCiPe 2016 v1.03, midpoint (H)","energy resources: non-renewable, fossil",fossil fuel potential (FFP),"ReCiPe 2016 v1.03, midpoint (H) | energy resources: non-renewable, fossil | fossil fuel potential (FFP)",-1.1759345820823022,standard,"(107090, 107090)",107090,107090,
SSP1VLLO_2050,joint,prospective_conseq_IMAGE_SSP1VLLO_2050_PERF,"ReCiPe 2016 v1.03, midpoint (H)",eutrophication: freshwater,freshwater eutrophication potential (FEP),"ReCiPe 2016 v1.03, midpoint (H) | eutrophication: freshwater | freshwater eutrophication potential (FEP)",0.001115335272802634,standard,"(107090, 107090)",107090,107090,
SSP1VLLO_2050,joint,prospective_conseq_IMAGE_SSP1VLLO_2050_PERF,"ReCiPe 2016 v1.03, midpoint (H)",eutrophication: marine,marine eutrophication potential (MEP),"ReCiPe 2016 v1.03, midpoint (H) | eutrophication: marine | marine eutrophication potential (MEP)",6.800859372247555e-05,standard,"(107090, 107090)",107090,107090,
SSP1VLLO_2050,joint,prospective_conseq_IMAGE_SSP1VLLO_2050_PERF,"ReCiPe 2016 v1.03, midpoint (H)",human toxicity: carcinogenic,human toxicity potential (HTPc),"ReCiPe 2016 v1.03, midpoint (H) | human toxicity: carcinogenic | human toxicity potential (HTPc)",-34.58502213920928,standard,"(107090, 107090)",107090,107090,
SSP1VLLO_2050,joint,prospective_conseq_IMAGE_SSP1VLLO_2050_PERF,"ReCiPe 2016 v1.03, midpoint (H)",human toxicity: non-carcinogenic,human toxicity potential (HTPnc),"ReCiPe 2016 v1.03, midpoint (H) | human toxicity: non-carcinogenic | human toxicity potential (HTPnc)",-44.90741677661928,standard,"(107090, 107090)",107090,107090,
SSP1VLLO_2050,joint,prospective_conseq_IMAGE_SSP1VLLO_2050_PERF,"ReCiPe 2016 v1.03, midpoint (H)",ionising radiation,ionising radiation potential (IRP),"ReCiPe 2016 v1.03, midpoint (H) | ionising radiation | ionising radiation potential (IRP)",-0.015715907737448406,standard,"(107090, 107090)",107090,107090,
SSP1VLLO_2050,joint,prospective_conseq_IMAGE_SSP1VLLO_2050_PERF,"ReCiPe 2016 v1.03, midpoint (H)",land use,agricultural land occupation (LOP),"ReCiPe 2016 v1.03, midpoint (H) | land use | agricultural land occupation (LOP)",-8.444195790799913,standard,"(107090, 107090)",107090,107090,
SSP1VLLO_2050,joint,prospective_conseq_IMAGE_SSP1VLLO_2050_PERF,"ReCiPe 2016 v1.03, midpoint (H)",material resources: metals/minerals,surplus ore potential (SOP),"ReCiPe 2016 v1.03, midpoint (H) | material resources: metals/minerals | surplus ore potential (SOP)",-0.6505913652447707,standard,"(107090, 107090)",107090,107090,
SSP1VLLO_2050,joint,prospective_conseq_IMAGE_SSP1VLLO_2050_PERF,"ReCiPe 2016 v1.03, midpoint (H)",ozone depletion,ozone depletion potential (ODPinfinite),"ReCiPe 2016 v1.03, midpoint (H) | ozone depletion | ozone depletion potential (ODPinfinite)",2.0380925026771264e-05,standard,"(107090, 107090)",107090,107090,
SSP1VLLO_2050,joint,prospective_conseq_IMAGE_SSP1VLLO_2050_PERF,"ReCiPe 2016 v1.03, midpoint (H)",particulate matter formation,particulate matter formation potential (PMFP),"ReCiPe 2016 v1.03, midpoint (H) | particulate matter formation | particulate matter formation potential (PMFP)",-0.022733698457109854,standard,"(107090, 107090)",107090,107090,
SSP1VLLO_2050,joint,prospective_conseq_IMAGE_SSP1VLLO_2050_PERF,"ReCiPe 2016 v1.03, midpoint (H)",photochemical oxidant formation: human health,photochemical oxidant formation potential: humans (HOFP),"ReCiPe 2016 v1.03, midpoint (H) | photochemical oxidant formation: human health | photochemical oxidant formation potential: humans (HOFP)",-0.036983075653744195,standard,"(107090, 107090)",107090,107090,
SSP1VLLO_2050,joint,prospective_conseq_IMAGE_SSP1VLLO_2050_PERF,"ReCiPe 2016 v1.03, midpoint (H)",photochemical oxidant formation: terrestrial ecosystems,photochemical oxidant formation potential: ecosystems (EOFP),"ReCiPe 2016 v1.03, midpoint (H) | photochemical oxidant formation: terrestrial ecosystems | photochemical oxidant formation potential: ecosystems (EOFP)",-0.037814918688391014,standard,"(107090, 107090)",107090,107090,
SSP1VLLO_2050,joint,prospective_conseq_IMAGE_SSP1VLLO_2050_PERF,"ReCiPe 2016 v1.03, midpoint (H)",water use,water consumption potential (WCP),"ReCiPe 2016 v1.03, midpoint (H) | water use | water consumption potential (WCP)",-0.013207241640904093,standard,"(107090, 107090)",107090,107090,
