scenario,route,case,method,score
SSP5H_2050,reuse,c3c4,"ReCiPe 2016 v1.03, midpoint (H) | climate change | global warming potential (GWP100)",0.03463283538137981
SSP5H_2050,reuse,c3c4,"ReCiPe 2016 v1.03, midpoint (H) | acidification: terrestrial | terrestrial acidification potential (TAP)",0.00015291645359193526
SSP5H_2050,reuse,c3c4,"ReCiPe 2016 v1.03, midpoint (H) | climate change | global warming potential (GWP1000)",0.05170604384479348
SSP5H_2050,reuse,c3c4,"ReCiPe 2016 v1.03, midpoint (H) | ecotoxicity: freshwater | freshwater ecotoxicity potential (FETP)",0.0039819622636299455
SSP5H_2050,reuse,c3c4,"ReCiPe 2016 v1.03, midpoint (H) | ecotoxicity: marine | marine ecotoxicity potential (METP)",0.005349854001099215
SSP5H_2050,reuse,c3c4,"ReCiPe 2016 v1.03, midpoint (H) | ecotoxicity: terrestrial | terrestrial ecotoxicity potential (TETP)",0.3454886679258997
SSP5H_2050,reuse,c3c4,"ReCiPe 2016 v1.03, midpoint (H) | energy resources: non-renewable, fossil | fossil fuel potential (FFP)",0.009125019498610455
SSP5H_2050,reuse,c3c4,"ReCiPe 2016 v1.03, midpoint (H) | eutrophication: freshwater | freshwater eutrophication potential (FEP)",0.00014376753692014582
SSP5H_2050,reuse,c3c4,"ReCiPe 2016 v1.03, midpoint (H) | eutrophication: marine | marine eutrophication potential (MEP)",0.0003109807506863358
SSP5H_2050,reuse,c3c4,"ReCiPe 2016 v1.03, midpoint (H) | human toxicity: carcinogenic | human toxicity potential (HTPc)",0.02539648263470776
SSP5H_2050,reuse,c3c4,"ReCiPe 2016 v1.03, midpoint (H) | human toxicity: non-carcinogenic | human toxicity potential (HTPnc)",0.24503698136087093
SSP5H_2050,reuse,c3c4,"ReCiPe 2016 v1.03, midpoint (H) | ionising radiation | ionising radiation potential (IRP)",-0.0003510831335140217
SSP5H_2050,reuse,c3c4,"ReCiPe 2016 v1.03, midpoint (H) | land use | agricultural land occupation (LOP)",0.003255305674110545
SSP5H_2050,reuse,c3c4,"ReCiPe 2016 v1.03, midpoint (H) | material resources: metals/minerals | surplus ore potential (SOP)",6.890259480602046e-05
SSP5H_2050,reuse,c3c4,"ReCiPe 2016 v1.03, midpoint (H) | ozone depletion | ozone depletion potential (ODPinfinite)",7.499523426872501e-08
SSP5H_2050,reuse,c3c4,"ReCiPe 2016 v1.03, midpoint (H) | particulate matter formation | particulate matter formation potential (PMFP)",7.870101144716348e-05
SSP5H_2050,reuse,c3c4,"ReCiPe 2016 v1.03, midpoint (H) | photochemical oxidant formation: human health | photochemical oxidant formation potential: humans (HOFP)",0.00010512478123725407
SSP5H_2050,reuse,c3c4,"ReCiPe 2016 v1.03, midpoint (H) | photochemical oxidant formation: terrestrial ecosystems | photochemical oxidant formation potential: ecosystems (EOFP)",0.0001119851367765415
SSP5H_2050,reuse,c3c4,"ReCiPe 2016 v1.03, midpoint (H) | water use | water consumption potential (WCP)",0.00745823004328726
SSP5H_2050,reuse,net,"ReCiPe 2016 v1.03, midpoint (H) | climate change | global warming potential (GWP100)",-48.88265761157121
SSP5H_2050,reuse,net,"ReCiPe 2016 v1.03, midpoint (H) | acidification: terrestrial | terrestrial acidification potential (TAP)",-0.20149792195201524
SSP5H_2050,reuse,net,"ReCiPe 2016 v1.03, midpoint (H) | climate change | global warming potential (GWP1000)",-49.82973342325929
SSP5H_2050,reuse,net,"ReCiPe 2016 v1.03, midpoint (H) | ecotoxicity: freshwater | freshwater ecotoxicity potential (FETP)",-2.4695057560086138
SSP5H_2050,reuse,net,"ReCiPe 2016 v1.03, midpoint (H) | ecotoxicity: marine | marine ecotoxicity potential (METP)",-3.4096572359462995
SSP5H_2050,reuse,net,"ReCiPe 2016 v1.03, midpoint (H) | ecotoxicity: terrestrial | terrestrial ecotoxicity potential (TETP)",-57.83929423066317
SSP5H_2050,reuse,net,"ReCiPe 2016 v1.03, midpoint (H) | energy resources: non-renewable, fossil | fossil fuel potential (FFP)",-12.909525829766825
SSP5H_2050,reuse,net,"ReCiPe 2016 v1.03, midpoint (H) | eutrophication: freshwater | freshwater eutrophication potential (FEP)",-0.007749265574464075
SSP5H_2050,reuse,net,"ReCiPe 2016 v1.03, midpoint (H) | eutrophication: marine | marine eutrophication potential (MEP)",-0.0014226165097317141
SSP5H_2050,reuse,net,"ReCiPe 2016 v1.03, midpoint (H) | human toxicity: carcinogenic | human toxicity potential (HTPc)",-45.314752160133665
SSP5H_2050,reuse,net,"ReCiPe 2016 v1.03, midpoint (H) | human toxicity: non-carcinogenic | human toxicity potential (HTPnc)",-47.558369358472916
SSP5H_2050,reuse,net,"ReCiPe 2016 v1.03, midpoint (H) | ionising radiation | ionising radiation potential (IRP)",0.037420098171705614
SSP5H_2050,reuse,net,"ReCiPe 2016 v1.03, midpoint (H) | land use | agricultural land occupation (LOP)",-0.7731696140164567
SSP5H_2050,reuse,net,"ReCiPe 2016 v1.03, midpoint (H) | material resources: metals/minerals | surplus ore potential (SOP)",-0.9015714856397296
SSP5H_2050,reuse,net,"ReCiPe 2016 v1.03, midpoint (H) | ozone depletion | ozone depletion potential (ODPinfinite)",-8.986504968143204e-06
SSP5H_2050,reuse,net,"ReCiPe 2016 v1.03, midpoint (H) | particulate matter formation | particulate matter formation potential (PMFP)",-0.07417336191781199
SSP5H_2050,reuse,net,"ReCiPe 2016 v1.03, midpoint (H) | photochemical oxidant formation: human health | photochemical oxidant formation potential: humans (HOFP)",-0.09189556433596478
SSP5H_2050,reuse,net,"ReCiPe 2016 v1.03, midpoint (H) | photochemical oxidant formation: terrestrial ecosystems | photochemical oxidant formation potential: ecosystems (EOFP)",-0.09959914010959497
SSP5H_2050,reuse,net,"ReCiPe 2016 v1.03, midpoint (H) | water use | water consumption potential (WCP)",-0.20772839216844752
SSP5H_2050,reuse,staged_total,"ReCiPe 2016 v1.03, midpoint (H) | climate change | global warming potential (GWP100)",-48.889071099394585
SSP5H_2050,reuse,staged_total,"ReCiPe 2016 v1.03, midpoint (H) | acidification: terrestrial | terrestrial acidification potential (TAP)",-0.20152623981286316
SSP5H_2050,reuse,staged_total,"ReCiPe 2016 v1.03, midpoint (H) | climate change | global warming potential (GWP1000)",-49.839308616250015
SSP5H_2050,reuse,staged_total,"ReCiPe 2016 v1.03, midpoint (H) | ecotoxicity: freshwater | freshwater ecotoxicity potential (FETP)",-2.470243156403633
SSP5H_2050,reuse,staged_total,"ReCiPe 2016 v1.03, midpoint (H) | ecotoxicity: marine | marine ecotoxicity potential (METP)",-3.4106479496177298
SSP5H_2050,reuse,staged_total,"ReCiPe 2016 v1.03, midpoint (H) | ecotoxicity: terrestrial | terrestrial ecotoxicity potential (TETP)",-57.903273611515004
SSP5H_2050,reuse,staged_total,"ReCiPe 2016 v1.03, midpoint (H) | energy resources: non-renewable, fossil | fossil fuel potential (FFP)",-12.911215648137102
SSP5H_2050,reuse,staged_total,"ReCiPe 2016 v1.03, midpoint (H) | eutrophication: freshwater | freshwater eutrophication potential (FEP)",-0.007775889191539462
SSP5H_2050,reuse,staged_total,"ReCiPe 2016 v1.03, midpoint (H) | eutrophication: marine | marine eutrophication potential (MEP)",-0.0014802055357486764
SSP5H_2050,reuse,staged_total,"ReCiPe 2016 v1.03, midpoint (H) | human toxicity: carcinogenic | human toxicity potential (HTPc)",-45.319455212319255
SSP5H_2050,reuse,staged_total,"ReCiPe 2016 v1.03, midpoint (H) | human toxicity: non-carcinogenic | human toxicity potential (HTPnc)",-47.60374657575585
SSP5H_2050,reuse,staged_total,"ReCiPe 2016 v1.03, midpoint (H) | ionising radiation | ionising radiation potential (IRP)",0.03748511356466944
SSP5H_2050,reuse,staged_total,"ReCiPe 2016 v1.03, midpoint (H) | land use | agricultural land occupation (LOP)",-0.7737724483807896
SSP5H_2050,reuse,staged_total,"ReCiPe 2016 v1.03, midpoint (H) | material resources: metals/minerals | surplus ore potential (SOP)",-0.9015842453790909
SSP5H_2050,reuse,staged_total,"ReCiPe 2016 v1.03, midpoint (H) | ozone depletion | ozone depletion potential (ODPinfinite)",-9.00039297403397e-06
SSP5H_2050,reuse,staged_total,"ReCiPe 2016 v1.03, midpoint (H) | particulate matter formation | particulate matter formation potential (PMFP)",-0.07418793617871333
SSP5H_2050,reuse,staged_total,"ReCiPe 2016 v1.03, midpoint (H) | photochemical oxidant formation: human health | photochemical oxidant formation potential: humans (HOFP)",-0.09191503188740768
SSP5H_2050,reuse,staged_total,"ReCiPe 2016 v1.03, midpoint (H) | photochemical oxidant formation: terrestrial ecosystems | photochemical oxidant formation potential: ecosystems (EOFP)",-0.0996198780972072
SSP5H_2050,reuse,staged_total,"ReCiPe 2016 v1.03, midpoint (H) | water use | water consumption potential (WCP)",-0.20910954583489016
SSP5H_2050,reuse,joint,"ReCiPe 2016 v1.03, midpoint (H) | climate change | global warming potential (GWP100)",-48.854438264013204
SSP5H_2050,reuse,joint,"ReCiPe 2016 v1.03, midpoint (H) | acidification: terrestrial | terrestrial acidification potential (TAP)",-0.2013733233592713
SSP5H_2050,reuse,joint,"ReCiPe 2016 v1.03, midpoint (H) | climate change | global warming potential (GWP1000)",-49.78760257240522
SSP5H_2050,reuse,joint,"ReCiPe 2016 v1.03, midpoint (H) | ecotoxicity: freshwater | freshwater ecotoxicity potential (FETP)",-2.4662611941400017
SSP5H_2050,reuse,joint,"ReCiPe 2016 v1.03, midpoint (H) | ecotoxicity: marine | marine ecotoxicity potential (METP)",-3.4052980956166286
SSP5H_2050,reuse,joint,"ReCiPe 2016 v1.03, midpoint (H) | ecotoxicity: terrestrial | terrestrial ecotoxicity potential (TETP)",-57.55778494358911
SSP5H_2050,reuse,joint,"ReCiPe 2016 v1.03, midpoint (H) | energy resources: non-renewable, fossil | fossil fuel potential (FFP)",-12.902090628638486
SSP5H_2050,reuse,joint,"ReCiPe 2016 v1.03, midpoint (H) | eutrophication: freshwater | freshwater eutrophication potential (FEP)",-0.007632121654619314
SSP5H_2050,reuse,joint,"ReCiPe 2016 v1.03, midpoint (H) | eutrophication: marine | marine eutrophication potential (MEP)",-0.0011692247850623406
SSP5H_2050,reuse,joint,"ReCiPe 2016 v1.03, midpoint (H) | human toxicity: carcinogenic | human toxicity potential (HTPc)",-45.2940587296846
SSP5H_2050,reuse,joint,"ReCiPe 2016 v1.03, midpoint (H) | human toxicity: non-carcinogenic | human toxicity potential (HTPnc)",-47.358709594394995
SSP5H_2050,reuse,joint,"ReCiPe 2016 v1.03, midpoint (H) | ionising radiation | ionising radiation potential (IRP)",0.03713403043115541
SSP5H_2050,reuse,joint,"ReCiPe 2016 v1.03, midpoint (H) | land use | agricultural land occupation (LOP)",-0.7705171427066787
SSP5H_2050,reuse,joint,"ReCiPe 2016 v1.03, midpoint (H) | material resources: metals/minerals | surplus ore potential (SOP)",-0.9015153427842845
SSP5H_2050,reuse,joint,"ReCiPe 2016 v1.03, midpoint (H) | ozone depletion | ozone depletion potential (ODPinfinite)",-8.92539773976525e-06
SSP5H_2050,reuse,joint,"ReCiPe 2016 v1.03, midpoint (H) | particulate matter formation | particulate matter formation potential (PMFP)",-0.07410923516726617
SSP5H_2050,reuse,joint,"ReCiPe 2016 v1.03, midpoint (H) | photochemical oxidant formation: human health | photochemical oxidant formation potential: humans (HOFP)",-0.09180990710617035
SSP5H_2050,reuse,joint,"ReCiPe 2016 v1.03, midpoint (H) | photochemical oxidant formation: terrestrial ecosystems | photochemical oxidant formation potential: ecosystems (EOFP)",-0.09950789296043057
SSP5H_2050,reuse,joint,"ReCiPe 2016 v1.03, midpoint (H) | water use | water consumption potential (WCP)",-0.20165131579160273
SSP5H_2050,recycling_postcons,c3c4,"ReCiPe 2016 v1.03, midpoint (H) | climate change | global warming potential (GWP100)",-45.482924100664604
SSP5H_2050,recycling_postcons,c3c4,"ReCiPe 2016 v1.03, midpoint (H) | acidification: terrestrial | terrestrial acidification potential (TAP)",-0.1998195839514284
SSP5H_2050,recycling_postcons,c3c4,"ReCiPe 2016 v1.03, midpoint (H) | climate change | global warming potential (GWP1000)",-46.157208337276856
SSP5H_2050,recycling_postcons,c3c4,"ReCiPe 2016 v1.03, midpoint (H) | ecotoxicity: freshwater | freshwater ecotoxicity potential (FETP)",-1.3068929280330868
SSP5H_2050,recycling_postcons,c3c4,"ReCiPe 2016 v1.03, midpoint (H) | ecotoxicity: marine | marine ecotoxicity potential (METP)",-1.8376208643131162
SSP5H_2050,recycling_postcons,c3c4,"ReCiPe 2016 v1.03, midpoint (H) | ecotoxicity: terrestrial | terrestrial ecotoxicity potential (TETP)",4.238470027688302
SSP5H_2050,recycling_postcons,c3c4,"ReCiPe 2016 v1.03, midpoint (H) | energy resources: non-renewable, fossil | fossil fuel potential (FFP)",-12.021548425086415
SSP5H_2050,recycling_postcons,c3c4,"ReCiPe 2016 v1.03, midpoint (H) | eutrophication: freshwater | freshwater eutrophication potential (FEP)",-0.006399884446525668
SSP5H_2050,recycling_postcons,c3c4,"ReCiPe 2016 v1.03, midpoint (H) | eutrophication: marine | marine eutrophication potential (MEP)",-0.0007740556789509439
SSP5H_2050,recycling_postcons,c3c4,"ReCiPe 2016 v1.03, midpoint (H) | human toxicity: carcinogenic | human toxicity potential (HTPc)",-46.759768909780945
SSP5H_2050,recycling_postcons,c3c4,"ReCiPe 2016 v1.03, midpoint (H) | human toxicity: non-carcinogenic | human toxicity potential (HTPnc)",-8.318491485030444
SSP5H_2050,recycling_postcons,c3c4,"ReCiPe 2016 v1.03, midpoint (H) | ionising radiation | ionising radiation potential (IRP)",0.0008449264094281755
SSP5H_2050,recycling_postcons,c3c4,"ReCiPe 2016 v1.03, midpoint (H) | land use | agricultural land occupation (LOP)",-0.5557805902385431
SSP5H_2050,recycling_postcons,c3c4,"ReCiPe 2016 v1.03, midpoint (H) | material resources: metals/minerals | surplus ore potential (SOP)",-0.8891141846810617
SSP5H_2050,recycling_postcons,c3c4,"ReCiPe 2016 v1.03, midpoint (H) | ozone depletion | ozone depletion potential (ODPinfinite)",-6.776830916626766e-06
SSP5H_2050,recycling_postcons,c3c4,"ReCiPe 2016 v1.03, midpoint (H) | particulate matter formation | particulate matter formation potential (PMFP)",-0.07330933918864053
SSP5H_2050,recycling_postcons,c3c4,"ReCiPe 2016 v1.03, midpoint (H) | photochemical oxidant formation: human health | photochemical oxidant formation potential: humans (HOFP)",-0.08632980462091791
SSP5H_2050,recycling_postcons,c3c4,"ReCiPe 2016 v1.03, midpoint (H) | photochemical oxidant formation: terrestrial ecosystems | photochemical oxidant formation potential: ecosystems (EOFP)",-0.093666870424503
SSP5H_2050,recycling_postcons,c3c4,"ReCiPe 2016 v1.03, midpoint (H) | water use | water consumption potential (WCP)",-0.22646580059552304
SSP5H_2050,recycling_postcons,net,"ReCiPe 2016 v1.03, midpoint (H) | climate change | global warming potential (GWP100)",-93.17352151527534
SSP5H_2050,recycling_postcons,net,"ReCiPe 2016 v1.03, midpoint (H) | acidification: terrestrial | terrestrial acidification potential (TAP)",-0.4051617164148808
SSP5H_2050,recycling_postcons,net,"ReCiPe 2016 v1.03, midpoint (H) | climate change | global warming potential (GWP1000)",-94.63845277326635
SSP5H_2050,recycling_postcons,net,"ReCiPe 2016 v1.03, midpoint (H) | ecotoxicity: freshwater | freshwater ecotoxicity potential (FETP)",-3.498970024641992
SSP5H_2050,recycling_postcons,net,"ReCiPe 2016 v1.03, midpoint (H) | ecotoxicity: marine | marine ecotoxicity potential (METP)",-4.896484592336811
SSP5H_2050,recycling_postcons,net,"ReCiPe 2016 v1.03, midpoint (H) | ecotoxicity: terrestrial | terrestrial ecotoxicity potential (TETP)",-38.840406487006945
SSP5H_2050,recycling_postcons,net,"ReCiPe 2016 v1.03, midpoint (H) | energy resources: non-renewable, fossil | fossil fuel potential (FFP)",-24.634375536170737
SSP5H_2050,recycling_postcons,net,"ReCiPe 2016 v1.03, midpoint (H) | eutrophication: freshwater | freshwater eutrophication potential (FEP)",-0.013782858906100726
SSP5H_2050,recycling_postcons,net,"ReCiPe 2016 v1.03, midpoint (H) | eutrophication: marine | marine eutrophication potential (MEP)",-0.0015603121174697751
SSP5H_2050,recycling_postcons,net,"ReCiPe 2016 v1.03, midpoint (H) | human toxicity: carcinogenic | human toxicity potential (HTPc)",-94.07381571958834
SSP5H_2050,recycling_postcons,net,"ReCiPe 2016 v1.03, midpoint (H) | human toxicity: non-carcinogenic | human toxicity potential (HTPnc)",-50.65557556775196
SSP5H_2050,recycling_postcons,net,"ReCiPe 2016 v1.03, midpoint (H) | ionising radiation | ionising radiation potential (IRP)",0.02405063941254395
SSP5H_2050,recycling_postcons,net,"ReCiPe 2016 v1.03, midpoint (H) | land use | agricultural land occupation (LOP)",-1.2060596465217028
SSP5H_2050,recycling_postcons,net,"ReCiPe 2016 v1.03, midpoint (H) | material resources: metals/minerals | surplus ore potential (SOP)",-1.8555518105057731
SSP5H_2050,recycling_postcons,net,"ReCiPe 2016 v1.03, midpoint (H) | ozone depletion | ozone depletion potential (ODPinfinite)",-1.508873351035697e-05
SSP5H_2050,recycling_postcons,net,"ReCiPe 2016 v1.03, midpoint (H) | particulate matter formation | particulate matter formation potential (PMFP)",-0.14825667630902523
SSP5H_2050,recycling_postcons,net,"ReCiPe 2016 v1.03, midpoint (H) | photochemical oxidant formation: human health | photochemical oxidant formation potential: humans (HOFP)",-0.17757584565824547
SSP5H_2050,recycling_postcons,net,"ReCiPe 2016 v1.03, midpoint (H) | photochemical oxidant formation: terrestrial ecosystems | photochemical oxidant formation potential: ecosystems (EOFP)",-0.19256242600423945
SSP5H_2050,recycling_postcons,net,"ReCiPe 2016 v1.03, midpoint (H) | water use | water consumption potential (WCP)",-0.44588771698775037
SSP5H_2050,recycling_postcons,staged_total,"ReCiPe 2016 v1.03, midpoint (H) | climate change | global warming potential (GWP100)",-47.69059741461069
SSP5H_2050,recycling_postcons,staged_total,"ReCiPe 2016 v1.03, midpoint (H) | acidification: terrestrial | terrestrial acidification potential (TAP)",-0.20534213246345268
SSP5H_2050,recycling_postcons,staged_total,"ReCiPe 2016 v1.03, midpoint (H) | climate change | global warming potential (GWP1000)",-48.48124443598945
SSP5H_2050,recycling_postcons,staged_total,"ReCiPe 2016 v1.03, midpoint (H) | ecotoxicity: freshwater | freshwater ecotoxicity potential (FETP)",-2.1920770966089083
SSP5H_2050,recycling_postcons,staged_total,"ReCiPe 2016 v1.03, midpoint (H) | ecotoxicity: marine | marine ecotoxicity potential (METP)",-3.058863728023691
SSP5H_2050,recycling_postcons,staged_total,"ReCiPe 2016 v1.03, midpoint (H) | ecotoxicity: terrestrial | terrestrial ecotoxicity potential (TETP)",-43.07887651469527
SSP5H_2050,recycling_postcons,staged_total,"ReCiPe 2016 v1.03, midpoint (H) | energy resources: non-renewable, fossil | fossil fuel potential (FFP)",-12.612827111084318
SSP5H_2050,recycling_postcons,staged_total,"ReCiPe 2016 v1.03, midpoint (H) | eutrophication: freshwater | freshwater eutrophication potential (FEP)",-0.007382974459575061
SSP5H_2050,recycling_postcons,staged_total,"ReCiPe 2016 v1.03, midpoint (H) | eutrophication: marine | marine eutrophication potential (MEP)",-0.0007862564385188317
SSP5H_2050,recycling_postcons,staged_total,"ReCiPe 2016 v1.03, midpoint (H) | human toxicity: carcinogenic | human toxicity potential (HTPc)",-47.31404680980743
SSP5H_2050,recycling_postcons,staged_total,"ReCiPe 2016 v1.03, midpoint (H) | human toxicity: non-carcinogenic | human toxicity potential (HTPnc)",-42.33708408272149
SSP5H_2050,recycling_postcons,staged_total,"ReCiPe 2016 v1.03, midpoint (H) | ionising radiation | ionising radiation potential (IRP)",0.023205713003115743
SSP5H_2050,recycling_postcons,staged_total,"ReCiPe 2016 v1.03, midpoint (H) | land use | agricultural land occupation (LOP)",-0.6502790562831595
SSP5H_2050,recycling_postcons,staged_total,"ReCiPe 2016 v1.03, midpoint (H) | material resources: metals/minerals | surplus ore potential (SOP)",-0.9664376258247115
SSP5H_2050,recycling_postcons,staged_total,"ReCiPe 2016 v1.03, midpoint (H) | ozone depletion | ozone depletion potential (ODPinfinite)",-8.311902593730216e-06
SSP5H_2050,recycling_postcons,staged_total,"ReCiPe 2016 v1.03, midpoint (H) | particulate matter formation | particulate matter formation potential (PMFP)",-0.07494733712038468
SSP5H_2050,recycling_postcons,staged_total,"ReCiPe 2016 v1.03, midpoint (H) | photochemical oxidant formation: human health | photochemical oxidant formation potential: humans (HOFP)",-0.0912460410373277
SSP5H_2050,recycling_postcons,staged_total,"ReCiPe 2016 v1.03, midpoint (H) | photochemical oxidant formation: terrestrial ecosystems | photochemical oxidant formation potential: ecosystems (EOFP)",-0.09889555557973656
SSP5H_2050,recycling_postcons,staged_total,"ReCiPe 2016 v1.03, midpoint (H) | water use | water consumption potential (WCP)",-0.21942191639222652
SSP5H_2050,recycling_postcons,joint,"ReCiPe 2016 v1.03, midpoint (H) | climate change | global warming potential (GWP100)",-93.17352151527534
SSP5H_2050,recycling_postcons,joint,"ReCiPe 2016 v1.03, midpoint (H) | acidification: terrestrial | terrestrial acidification potential (TAP)",-0.4051617164148808
SSP5H_2050,recycling_postcons,joint,"ReCiPe 2016 v1.03, midpoint (H) | climate change | global warming potential (GWP1000)",-94.63845277326635
SSP5H_2050,recycling_postcons,joint,"ReCiPe 2016 v1.03, midpoint (H) | ecotoxicity: freshwater | freshwater ecotoxicity potential (FETP)",-3.498970024641992
SSP5H_2050,recycling_postcons,joint,"ReCiPe 2016 v1.03, midpoint (H) | ecotoxicity: marine | marine ecotoxicity potential (METP)",-4.896484592336811
SSP5H_2050,recycling_postcons,joint,"ReCiPe 2016 v1.03, midpoint (H) | ecotoxicity: terrestrial | terrestrial ecotoxicity potential (TETP)",-38.840406487006945
SSP5H_2050,recycling_postcons,joint,"ReCiPe 2016 v1.03, midpoint (H) | energy resources: non-renewable, fossil | fossil fuel potential (FFP)",-24.634375536170737
SSP5H_2050,recycling_postcons,joint,"ReCiPe 2016 v1.03, midpoint (H) | eutrophication: freshwater | freshwater eutrophication potential (FEP)",-0.013782858906100726
SSP5H_2050,recycling_postcons,joint,"ReCiPe 2016 v1.03, midpoint (H) | eutrophication: marine | marine eutrophication potential (MEP)",-0.0015603121174697751
SSP5H_2050,recycling_postcons,joint,"ReCiPe 2016 v1.03, midpoint (H) | human toxicity: carcinogenic | human toxicity potential (HTPc)",-94.07381571958834
SSP5H_2050,recycling_postcons,joint,"ReCiPe 2016 v1.03, midpoint (H) | human toxicity: non-carcinogenic | human toxicity potential (HTPnc)",-50.65557556775196
SSP5H_2050,recycling_postcons,joint,"ReCiPe 2016 v1.03, midpoint (H) | ionising radiation | ionising radiation potential (IRP)",0.02405063941254395
SSP5H_2050,recycling_postcons,joint,"ReCiPe 2016 v1.03, midpoint (H) | land use | agricultural land occupation (LOP)",-1.2060596465217028
SSP5H_2050,recycling_postcons,joint,"ReCiPe 2016 v1.03, midpoint (H) | material resources: metals/minerals | surplus ore potential (SOP)",-1.8555518105057731
SSP5H_2050,recycling_postcons,joint,"ReCiPe 2016 v1.03, midpoint (H) | ozone depletion | ozone depletion potential (ODPinfinite)",-1.508873351035697e-05
SSP5H_2050,recycling_postcons,joint,"ReCiPe 2016 v1.03, midpoint (H) | particulate matter formation | particulate matter formation potential (PMFP)",-0.14825667630902523
SSP5H_2050,recycling_postcons,joint,"ReCiPe 2016 v1.03, midpoint (H) | photochemical oxidant formation: human health | photochemical oxidant formation potential: humans (HOFP)",-0.17757584565824547
SSP5H_2050,recycling_postcons,joint,"ReCiPe 2016 v1.03, midpoint (H) | photochemical oxidant formation: terrestrial ecosystems | photochemical oxidant formation potential: ecosystems (EOFP)",-0.19256242600423945
SSP5H_2050,recycling_postcons,joint,"ReCiPe 2016 v1.03, midpoint (H) | water use | water consumption potential (WCP)",-0.44588771698775037
SSP5H_2050,landfill,c3c4,"ReCiPe 2016 v1.03, midpoint (H) | climate change | global warming potential (GWP100)",0.0767232408837034
SSP5H_2050,landfill,c3c4,"ReCiPe 2016 v1.03, midpoint (H) | acidification: terrestrial | terrestrial acidification potential (TAP)",0.00023741961779017394
SSP5H_2050,landfill,c3c4,"ReCiPe 2016 v1.03, midpoint (H) | climate change | global warming potential (GWP1000)",0.08194731669313998
SSP5H_2050,landfill,c3c4,"ReCiPe 2016 v1.03, midpoint (H) | ecotoxicity: freshwater | freshwater ecotoxicity potential (FETP)",0.029907785095114717
SSP5H_2050,landfill,c3c4,"ReCiPe 2016 v1.03, midpoint (H) | ecotoxicity: marine | marine ecotoxicity potential (METP)",0.041179511139848725
SSP5H_2050,landfill,c3c4,"ReCiPe 2016 v1.03, midpoint (H) | ecotoxicity: terrestrial | terrestrial ecotoxicity potential (TETP)",0.5834785303287573
SSP5H_2050,landfill,c3c4,"ReCiPe 2016 v1.03, midpoint (H) | energy resources: non-renewable, fossil | fossil fuel potential (FFP)",0.03158913696149457
SSP5H_2050,landfill,c3c4,"ReCiPe 2016 v1.03, midpoint (H) | eutrophication: freshwater | freshwater eutrophication potential (FEP)",3.184931334919984e-06
SSP5H_2050,landfill,c3c4,"ReCiPe 2016 v1.03, midpoint (H) | eutrophication: marine | marine eutrophication potential (MEP)",3.8211380428905e-05
SSP5H_2050,landfill,c3c4,"ReCiPe 2016 v1.03, midpoint (H) | human toxicity: carcinogenic | human toxicity potential (HTPc)",0.00488539424448184
SSP5H_2050,landfill,c3c4,"ReCiPe 2016 v1.03, midpoint (H) | human toxicity: non-carcinogenic | human toxicity potential (HTPnc)",1.073549501906329
SSP5H_2050,landfill,c3c4,"ReCiPe 2016 v1.03, midpoint (H) | ionising radiation | ionising radiation potential (IRP)",-9.300225501666602e-05
SSP5H_2050,landfill,c3c4,"ReCiPe 2016 v1.03, midpoint (H) | land use | agricultural land occupation (LOP)",0.014256621743158896
SSP5H_2050,landfill,c3c4,"ReCiPe 2016 v1.03, midpoint (H) | material resources: metals/minerals | surplus ore potential (SOP)",0.00011560665655171893
SSP5H_2050,landfill,c3c4,"ReCiPe 2016 v1.03, midpoint (H) | ozone depletion | ozone depletion potential (ODPinfinite)",7.044202886249621e-08
SSP5H_2050,landfill,c3c4,"ReCiPe 2016 v1.03, midpoint (H) | particulate matter formation | particulate matter formation potential (PMFP)",0.00010692986632267543
SSP5H_2050,landfill,c3c4,"ReCiPe 2016 v1.03, midpoint (H) | photochemical oxidant formation: human health | photochemical oxidant formation potential: humans (HOFP)",0.00041661371555332425
SSP5H_2050,landfill,c3c4,"ReCiPe 2016 v1.03, midpoint (H) | photochemical oxidant formation: terrestrial ecosystems | photochemical oxidant formation potential: ecosystems (EOFP)",0.0004386651975484895
SSP5H_2050,landfill,c3c4,"ReCiPe 2016 v1.03, midpoint (H) | water use | water consumption potential (WCP)",0.0006489790314653156
SSP5H_2050,landfill,net,"ReCiPe 2016 v1.03, midpoint (H) | climate change | global warming potential (GWP100)",0.0767232408837034
SSP5H_2050,landfill,net,"ReCiPe 2016 v1.03, midpoint (H) | acidification: terrestrial | terrestrial acidification potential (TAP)",0.00023741961779017394
SSP5H_2050,landfill,net,"ReCiPe 2016 v1.03, midpoint (H) | climate change | global warming potential (GWP1000)",0.08194731669313998
SSP5H_2050,landfill,net,"ReCiPe 2016 v1.03, midpoint (H) | ecotoxicity: freshwater | freshwater ecotoxicity potential (FETP)",0.029907785095114717
SSP5H_2050,landfill,net,"ReCiPe 2016 v1.03, midpoint (H) | ecotoxicity: marine | marine ecotoxicity potential (METP)",0.041179511139848725
SSP5H_2050,landfill,net,"ReCiPe 2016 v1.03, midpoint (H) | ecotoxicity: terrestrial | terrestrial ecotoxicity potential (TETP)",0.5834785303287573
SSP5H_2050,landfill,net,"ReCiPe 2016 v1.03, midpoint (H) | energy resources: non-renewable, fossil | fossil fuel potential (FFP)",0.03158913696149457
SSP5H_2050,landfill,net,"ReCiPe 2016 v1.03, midpoint (H) | eutrophication: freshwater | freshwater eutrophication potential (FEP)",3.184931334919984e-06
SSP5H_2050,landfill,net,"ReCiPe 2016 v1.03, midpoint (H) | eutrophication: marine | marine eutrophication potential (MEP)",3.8211380428905e-05
SSP5H_2050,landfill,net,"ReCiPe 2016 v1.03, midpoint (H) | human toxicity: carcinogenic | human toxicity potential (HTPc)",0.00488539424448184
SSP5H_2050,landfill,net,"ReCiPe 2016 v1.03, midpoint (H) | human toxicity: non-carcinogenic | human toxicity potential (HTPnc)",1.073549501906329
SSP5H_2050,landfill,net,"ReCiPe 2016 v1.03, midpoint (H) | ionising radiation | ionising radiation potential (IRP)",-9.300225501666602e-05
SSP5H_2050,landfill,net,"ReCiPe 2016 v1.03, midpoint (H) | land use | agricultural land occupation (LOP)",0.014256621743158896
SSP5H_2050,landfill,net,"ReCiPe 2016 v1.03, midpoint (H) | material resources: metals/minerals | surplus ore potential (SOP)",0.00011560665655171893
SSP5H_2050,landfill,net,"ReCiPe 2016 v1.03, midpoint (H) | ozone depletion | ozone depletion potential (ODPinfinite)",7.044202886249621e-08
SSP5H_2050,landfill,net,"ReCiPe 2016 v1.03, midpoint (H) | particulate matter formation | particulate matter formation potential (PMFP)",0.00010692986632267543
SSP5H_2050,landfill,net,"ReCiPe 2016 v1.03, midpoint (H) | photochemical oxidant formation: human health | photochemical oxidant formation potential: humans (HOFP)",0.00041661371555332425
SSP5H_2050,landfill,net,"ReCiPe 2016 v1.03, midpoint (H) | photochemical oxidant formation: terrestrial ecosystems | photochemical oxidant formation potential: ecosystems (EOFP)",0.0004386651975484895
SSP5H_2050,landfill,net,"ReCiPe 2016 v1.03, midpoint (H) | water use | water consumption potential (WCP)",0.0006489790314653156
