mode,runner,scenario,bg_db,fg_db,route,case,method,score,solver,tech_shape,n_activities,n_products,error
prospect,msfsc,SSP5H_2050,prospective_conseq_IMAGE_SSP5H_2050_PERF,mtcw_foreground_prospective,msfsc,gateA_only,"ReCiPe 2016 v1.03, midpoint (H) | climate change | global warming potential (GWP100)",0.34044499697658226,standard,"(107293, 107293)",107293,107293,
prospect,msfsc,SSP5H_2050,prospective_conseq_IMAGE_SSP5H_2050_PERF,mtcw_foreground_prospective,msfsc,gateA_only,"ReCiPe 2016 v1.03, midpoint (H) | acidification: terrestrial | terrestrial acidification potential (TAP)",-0.040333940442068644,standard,"(107293, 107293)",107293,107293,
prospect,msfsc,SSP5H_2050,prospective_conseq_IMAGE_SSP5H_2050_PERF,mtcw_foreground_prospective,msfsc,gateA_only,"ReCiPe 2016 v1.03, midpoint (H) | climate change | global warming potential (GWP1000)",0.26982104915494753,standard,"(107293, 107293)",107293,107293,
prospect,msfsc,SSP5H_2050,prospective_conseq_IMAGE_SSP5H_2050_PERF,mtcw_foreground_prospective,msfsc,gateA_only,"ReCiPe 2016 v1.03, midpoint (H) | ecotoxicity: freshwater | freshwater ecotoxicity potential (FETP)",45.8236697986506,standard,"(107293, 107293)",107293,107293,
prospect,msfsc,SSP5H_2050,prospective_conseq_IMAGE_SSP5H_2050_PERF,mtcw_foreground_prospective,msfsc,gateA_only,"ReCiPe 2016 v1.03, midpoint (H) | ecotoxicity: marine | marine ecotoxicity potential (METP)",54.5287087704467,standard,"(107293, 107293)",107293,107293,
prospect,msfsc,SSP5H_2050,prospective_conseq_IMAGE_SSP5H_2050_PERF,mtcw_foreground_prospective,msfsc,gateA_only,"ReCiPe 2016 v1.03, midpoint (H) | ecotoxicity: terrestrial | terrestrial ecotoxicity potential (TETP)",-76.15697304884273,standard,"(107293, 107293)",107293,107293,
prospect,msfsc,SSP5H_2050,prospective_conseq_IMAGE_SSP5H_2050_PERF,mtcw_foreground_prospective,msfsc,gateA_only,"ReCiPe 2016 v1.03, midpoint (H) | energy resources: non-renewable, fossil | fossil fuel potential (FFP)",0.0264037539239729,standard,"(107293, 107293)",107293,107293,
prospect,msfsc,SSP5H_2050,prospective_conseq_IMAGE_SSP5H_2050_PERF,mtcw_foreground_prospective,msfsc,gateA_only,"ReCiPe 2016 v1.03, midpoint (H) | eutrophication: freshwater | freshwater eutrophication potential (FEP)",-0.0021442400558366564,standard,"(107293, 107293)",107293,107293,
prospect,msfsc,SSP5H_2050,prospective_conseq_IMAGE_SSP5H_2050_PERF,mtcw_foreground_prospective,msfsc,gateA_only,"ReCiPe 2016 v1.03, midpoint (H) | eutrophication: marine | marine eutrophication potential (MEP)",5.026071581241329e-05,standard,"(107293, 107293)",107293,107293,
prospect,msfsc,SSP5H_2050,prospective_conseq_IMAGE_SSP5H_2050_PERF,mtcw_foreground_prospective,msfsc,gateA_only,"ReCiPe 2016 v1.03, midpoint (H) | human toxicity: carcinogenic | human toxicity potential (HTPc)",2.5133456845051945,standard,"(107293, 107293)",107293,107293,
prospect,msfsc,SSP5H_2050,prospective_conseq_IMAGE_SSP5H_2050_PERF,mtcw_foreground_prospective,msfsc,gateA_only,"ReCiPe 2016 v1.03, midpoint (H) | human toxicity: non-carcinogenic | human toxicity potential (HTPnc)",-29.610574046539885,standard,"(107293, 107293)",107293,107293,
prospect,msfsc,SSP5H_2050,prospective_conseq_IMAGE_SSP5H_2050_PERF,mtcw_foreground_prospective,msfsc,gateA_only,"ReCiPe 2016 v1.03, midpoint (H) | ionising radiation | ionising radiation potential (IRP)",-0.008069551965651709,standard,"(107293, 107293)",107293,107293,
prospect,msfsc,SSP5H_2050,prospective_conseq_IMAGE_SSP5H_2050_PERF,mtcw_foreground_prospective,msfsc,gateA_only,"ReCiPe 2016 v1.03, midpoint (H) | land use | agricultural land occupation (LOP)",-0.27101293210534605,standard,"(107293, 107293)",107293,107293,
prospect,msfsc,SSP5H_2050,prospective_conseq_IMAGE_SSP5H_2050_PERF,mtcw_foreground_prospective,msfsc,gateA_only,"ReCiPe 2016 v1.03, midpoint (H) | material resources: metals/minerals | surplus ore potential (SOP)",0.13004678874546452,standard,"(107293, 107293)",107293,107293,
prospect,msfsc,SSP5H_2050,prospective_conseq_IMAGE_SSP5H_2050_PERF,mtcw_foreground_prospective,msfsc,gateA_only,"ReCiPe 2016 v1.03, midpoint (H) | ozone depletion | ozone depletion potential (ODPinfinite)",-1.0199988371784858e-06,standard,"(107293, 107293)",107293,107293,
prospect,msfsc,SSP5H_2050,prospective_conseq_IMAGE_SSP5H_2050_PERF,mtcw_foreground_prospective,msfsc,gateA_only,"ReCiPe 2016 v1.03, midpoint (H) | particulate matter formation | particulate matter formation potential (PMFP)",-0.01039422086455577,standard,"(107293, 107293)",107293,107293,
prospect,msfsc,SSP5H_2050,prospective_conseq_IMAGE_SSP5H_2050_PERF,mtcw_foreground_prospective,msfsc,gateA_only,"ReCiPe 2016 v1.03, midpoint (H) | photochemical oxidant formation: human health | photochemical oxidant formation potential: humans (HOFP)",-0.008273406822123288,standard,"(107293, 107293)",107293,107293,
prospect,msfsc,SSP5H_2050,prospective_conseq_IMAGE_SSP5H_2050_PERF,mtcw_foreground_prospective,msfsc,gateA_only,"ReCiPe 2016 v1.03, midpoint (H) | photochemical oxidant formation: terrestrial ecosystems | photochemical oxidant formation potential: ecosystems (EOFP)",-0.00844767283984645,standard,"(107293, 107293)",107293,107293,
prospect,msfsc,SSP5H_2050,prospective_conseq_IMAGE_SSP5H_2050_PERF,mtcw_foreground_prospective,msfsc,gateA_only,"ReCiPe 2016 v1.03, midpoint (H) | water use | water consumption potential (WCP)",0.005165271899362923,standard,"(107293, 107293)",107293,107293,
prospect,msfsc,SSP5H_2050,prospective_conseq_IMAGE_SSP5H_2050_PERF,mtcw_foreground_prospective,msfsc,degrease_only,"ReCiPe 2016 v1.03, midpoint (H) | climate change | global warming potential (GWP100)",0.014688046977204407,standard,"(107293, 107293)",107293,107293,
prospect,msfsc,SSP5H_2050,prospective_conseq_IMAGE_SSP5H_2050_PERF,mtcw_foreground_prospective,msfsc,degrease_only,"ReCiPe 2016 v1.03, midpoint (H) | acidification: terrestrial | terrestrial acidification potential (TAP)",6.485302226711442e-05,standard,"(107293, 107293)",107293,107293,
prospect,msfsc,SSP5H_2050,prospective_conseq_IMAGE_SSP5H_2050_PERF,mtcw_foreground_prospective,msfsc,degrease_only,"ReCiPe 2016 v1.03, midpoint (H) | climate change | global warming potential (GWP1000)",0.021928923596746863,standard,"(107293, 107293)",107293,107293,
prospect,msfsc,SSP5H_2050,prospective_conseq_IMAGE_SSP5H_2050_PERF,mtcw_foreground_prospective,msfsc,degrease_only,"ReCiPe 2016 v1.03, midpoint (H) | ecotoxicity: freshwater | freshwater ecotoxicity potential (FETP)",0.001688780261228328,standard,"(107293, 107293)",107293,107293,
prospect,msfsc,SSP5H_2050,prospective_conseq_IMAGE_SSP5H_2050_PERF,mtcw_foreground_prospective,msfsc,degrease_only,"ReCiPe 2016 v1.03, midpoint (H) | ecotoxicity: marine | marine ecotoxicity potential (METP)",0.002268913474791985,standard,"(107293, 107293)",107293,107293,
prospect,msfsc,SSP5H_2050,prospective_conseq_IMAGE_SSP5H_2050_PERF,mtcw_foreground_prospective,msfsc,degrease_only,"ReCiPe 2016 v1.03, midpoint (H) | ecotoxicity: terrestrial | terrestrial ecotoxicity potential (TETP)",0.14652435267432687,standard,"(107293, 107293)",107293,107293,
prospect,msfsc,SSP5H_2050,prospective_conseq_IMAGE_SSP5H_2050_PERF,mtcw_foreground_prospective,msfsc,degrease_only,"ReCiPe 2016 v1.03, midpoint (H) | energy resources: non-renewable, fossil | fossil fuel potential (FFP)",0.0038699896707418673,standard,"(107293, 107293)",107293,107293,
prospect,msfsc,SSP5H_2050,prospective_conseq_IMAGE_SSP5H_2050_PERF,mtcw_foreground_prospective,msfsc,degrease_only,"ReCiPe 2016 v1.03, midpoint (H) | eutrophication: freshwater | freshwater eutrophication potential (FEP)",6.097289803046024e-05,standard,"(107293, 107293)",107293,107293,
prospect,msfsc,SSP5H_2050,prospective_conseq_IMAGE_SSP5H_2050_PERF,mtcw_foreground_prospective,msfsc,degrease_only,"ReCiPe 2016 v1.03, midpoint (H) | eutrophication: marine | marine eutrophication potential (MEP)",0.00013188928465604637,standard,"(107293, 107293)",107293,107293,
prospect,msfsc,SSP5H_2050,prospective_conseq_IMAGE_SSP5H_2050_PERF,mtcw_foreground_prospective,msfsc,degrease_only,"ReCiPe 2016 v1.03, midpoint (H) | human toxicity: carcinogenic | human toxicity potential (HTPc)",0.01077083994353133,standard,"(107293, 107293)",107293,107293,
prospect,msfsc,SSP5H_2050,prospective_conseq_IMAGE_SSP5H_2050_PERF,mtcw_foreground_prospective,msfsc,degrease_only,"ReCiPe 2016 v1.03, midpoint (H) | human toxicity: non-carcinogenic | human toxicity potential (HTPnc)",0.10392203409781828,standard,"(107293, 107293)",107293,107293,
prospect,msfsc,SSP5H_2050,prospective_conseq_IMAGE_SSP5H_2050_PERF,mtcw_foreground_prospective,msfsc,degrease_only,"ReCiPe 2016 v1.03, midpoint (H) | ionising radiation | ionising radiation potential (IRP)",-0.00014889700702121404,standard,"(107293, 107293)",107293,107293,
prospect,msfsc,SSP5H_2050,prospective_conseq_IMAGE_SSP5H_2050_PERF,mtcw_foreground_prospective,msfsc,degrease_only,"ReCiPe 2016 v1.03, midpoint (H) | land use | agricultural land occupation (LOP)",0.0013805997092753938,standard,"(107293, 107293)",107293,107293,
prospect,msfsc,SSP5H_2050,prospective_conseq_IMAGE_SSP5H_2050_PERF,mtcw_foreground_prospective,msfsc,degrease_only,"ReCiPe 2016 v1.03, midpoint (H) | material resources: metals/minerals | surplus ore potential (SOP)",2.922210964305198e-05,standard,"(107293, 107293)",107293,107293,
prospect,msfsc,SSP5H_2050,prospective_conseq_IMAGE_SSP5H_2050_PERF,mtcw_foreground_prospective,msfsc,degrease_only,"ReCiPe 2016 v1.03, midpoint (H) | ozone depletion | ozone depletion potential (ODPinfinite)",3.180604511301006e-08,standard,"(107293, 107293)",107293,107293,
prospect,msfsc,SSP5H_2050,prospective_conseq_IMAGE_SSP5H_2050_PERF,mtcw_foreground_prospective,msfsc,degrease_only,"ReCiPe 2016 v1.03, midpoint (H) | particulate matter formation | particulate matter formation potential (PMFP)",3.3377692984390855e-05,standard,"(107293, 107293)",107293,107293,
prospect,msfsc,SSP5H_2050,prospective_conseq_IMAGE_SSP5H_2050_PERF,mtcw_foreground_prospective,msfsc,degrease_only,"ReCiPe 2016 v1.03, midpoint (H) | photochemical oxidant formation: human health | photochemical oxidant formation potential: humans (HOFP)",4.458421342870936e-05,standard,"(107293, 107293)",107293,107293,
prospect,msfsc,SSP5H_2050,prospective_conseq_IMAGE_SSP5H_2050_PERF,mtcw_foreground_prospective,msfsc,degrease_only,"ReCiPe 2016 v1.03, midpoint (H) | photochemical oxidant formation: terrestrial ecosystems | photochemical oxidant formation potential: ecosystems (EOFP)",4.7493742009611795e-05,standard,"(107293, 107293)",107293,107293,
prospect,msfsc,SSP5H_2050,prospective_conseq_IMAGE_SSP5H_2050_PERF,mtcw_foreground_prospective,msfsc,degrease_only,"ReCiPe 2016 v1.03, midpoint (H) | water use | water consumption potential (WCP)",0.003163091742117225,standard,"(107293, 107293)",107293,107293,
prospect,msfsc,SSP5H_2050,prospective_conseq_IMAGE_SSP5H_2050_PERF,mtcw_foreground_prospective,msfsc,c3c4,"ReCiPe 2016 v1.03, midpoint (H) | climate change | global warming potential (GWP100)",0.3551330561290493,standard,"(107293, 107293)",107293,107293,
prospect,msfsc,SSP5H_2050,prospective_conseq_IMAGE_SSP5H_2050_PERF,mtcw_foreground_prospective,msfsc,c3c4,"ReCiPe 2016 v1.03, midpoint (H) | acidification: terrestrial | terrestrial acidification potential (TAP)",-0.040269088862255664,standard,"(107293, 107293)",107293,107293,
prospect,msfsc,SSP5H_2050,prospective_conseq_IMAGE_SSP5H_2050_PERF,mtcw_foreground_prospective,msfsc,c3c4,"ReCiPe 2016 v1.03, midpoint (H) | climate change | global warming potential (GWP1000)",0.2917499824012477,standard,"(107293, 107293)",107293,107293,
prospect,msfsc,SSP5H_2050,prospective_conseq_IMAGE_SSP5H_2050_PERF,mtcw_foreground_prospective,msfsc,c3c4,"ReCiPe 2016 v1.03, midpoint (H) | ecotoxicity: freshwater | freshwater ecotoxicity potential (FETP)",45.825360217693905,standard,"(107293, 107293)",107293,107293,
prospect,msfsc,SSP5H_2050,prospective_conseq_IMAGE_SSP5H_2050_PERF,mtcw_foreground_prospective,msfsc,c3c4,"ReCiPe 2016 v1.03, midpoint (H) | ecotoxicity: marine | marine ecotoxicity potential (METP)",54.53097963402012,standard,"(107293, 107293)",107293,107293,
prospect,msfsc,SSP5H_2050,prospective_conseq_IMAGE_SSP5H_2050_PERF,mtcw_foreground_prospective,msfsc,c3c4,"ReCiPe 2016 v1.03, midpoint (H) | ecotoxicity: terrestrial | terrestrial ecotoxicity potential (TETP)",-76.01045141975393,standard,"(107293, 107293)",107293,107293,
prospect,msfsc,SSP5H_2050,prospective_conseq_IMAGE_SSP5H_2050_PERF,mtcw_foreground_prospective,msfsc,c3c4,"ReCiPe 2016 v1.03, midpoint (H) | energy resources: non-renewable, fossil | fossil fuel potential (FFP)",0.03027374453898664,standard,"(107293, 107293)",107293,107293,
prospect,msfsc,SSP5H_2050,prospective_conseq_IMAGE_SSP5H_2050_PERF,mtcw_foreground_prospective,msfsc,c3c4,"ReCiPe 2016 v1.03, midpoint (H) | eutrophication: freshwater | freshwater eutrophication potential (FEP)",-0.0020832672344901987,standard,"(107293, 107293)",107293,107293,
prospect,msfsc,SSP5H_2050,prospective_conseq_IMAGE_SSP5H_2050_PERF,mtcw_foreground_prospective,msfsc,c3c4,"ReCiPe 2016 v1.03, midpoint (H) | eutrophication: marine | marine eutrophication potential (MEP)",0.00018215000226592286,standard,"(107293, 107293)",107293,107293,
prospect,msfsc,SSP5H_2050,prospective_conseq_IMAGE_SSP5H_2050_PERF,mtcw_foreground_prospective,msfsc,c3c4,"ReCiPe 2016 v1.03, midpoint (H) | human toxicity: carcinogenic | human toxicity potential (HTPc)",2.5241166143329767,standard,"(107293, 107293)",107293,107293,
prospect,msfsc,SSP5H_2050,prospective_conseq_IMAGE_SSP5H_2050_PERF,mtcw_foreground_prospective,msfsc,c3c4,"ReCiPe 2016 v1.03, midpoint (H) | human toxicity: non-carcinogenic | human toxicity potential (HTPnc)",-29.506653071398727,standard,"(107293, 107293)",107293,107293,
prospect,msfsc,SSP5H_2050,prospective_conseq_IMAGE_SSP5H_2050_PERF,mtcw_foreground_prospective,msfsc,c3c4,"ReCiPe 2016 v1.03, midpoint (H) | ionising radiation | ionising radiation potential (IRP)",-0.008218449261262585,standard,"(107293, 107293)",107293,107293,
prospect,msfsc,SSP5H_2050,prospective_conseq_IMAGE_SSP5H_2050_PERF,mtcw_foreground_prospective,msfsc,c3c4,"ReCiPe 2016 v1.03, midpoint (H) | land use | agricultural land occupation (LOP)",-0.2696323420882479,standard,"(107293, 107293)",107293,107293,
prospect,msfsc,SSP5H_2050,prospective_conseq_IMAGE_SSP5H_2050_PERF,mtcw_foreground_prospective,msfsc,c3c4,"ReCiPe 2016 v1.03, midpoint (H) | material resources: metals/minerals | surplus ore potential (SOP)",0.1300760155059431,standard,"(107293, 107293)",107293,107293,
prospect,msfsc,SSP5H_2050,prospective_conseq_IMAGE_SSP5H_2050_PERF,mtcw_foreground_prospective,msfsc,c3c4,"ReCiPe 2016 v1.03, midpoint (H) | ozone depletion | ozone depletion potential (ODPinfinite)",-9.88192828543479e-07,standard,"(107293, 107293)",107293,107293,
prospect,msfsc,SSP5H_2050,prospective_conseq_IMAGE_SSP5H_2050_PERF,mtcw_foreground_prospective,msfsc,c3c4,"ReCiPe 2016 v1.03, midpoint (H) | particulate matter formation | particulate matter formation potential (PMFP)",-0.010360843543297686,standard,"(107293, 107293)",107293,107293,
prospect,msfsc,SSP5H_2050,prospective_conseq_IMAGE_SSP5H_2050_PERF,mtcw_foreground_prospective,msfsc,c3c4,"ReCiPe 2016 v1.03, midpoint (H) | photochemical oxidant formation: human health | photochemical oxidant formation potential: humans (HOFP)",-0.008228822904574658,standard,"(107293, 107293)",107293,107293,
prospect,msfsc,SSP5H_2050,prospective_conseq_IMAGE_SSP5H_2050_PERF,mtcw_foreground_prospective,msfsc,c3c4,"ReCiPe 2016 v1.03, midpoint (H) | photochemical oxidant formation: terrestrial ecosystems | photochemical oxidant formation potential: ecosystems (EOFP)",-0.008400179399949158,standard,"(107293, 107293)",107293,107293,
prospect,msfsc,SSP5H_2050,prospective_conseq_IMAGE_SSP5H_2050_PERF,mtcw_foreground_prospective,msfsc,c3c4,"ReCiPe 2016 v1.03, midpoint (H) | water use | water consumption potential (WCP)",0.00832836382620468,standard,"(107293, 107293)",107293,107293,
prospect,msfsc,SSP5H_2050,prospective_conseq_IMAGE_SSP5H_2050_PERF,mtcw_foreground_prospective,msfsc,stageD_only,"ReCiPe 2016 v1.03, midpoint (H) | climate change | global warming potential (GWP100)",-34.737132398398586,standard,"(107293, 107293)",107293,107293,
prospect,msfsc,SSP5H_2050,prospective_conseq_IMAGE_SSP5H_2050_PERF,mtcw_foreground_prospective,msfsc,stageD_only,"ReCiPe 2016 v1.03, midpoint (H) | acidification: terrestrial | terrestrial acidification potential (TAP)",-0.17607881134794806,standard,"(107293, 107293)",107293,107293,
prospect,msfsc,SSP5H_2050,prospective_conseq_IMAGE_SSP5H_2050_PERF,mtcw_foreground_prospective,msfsc,stageD_only,"ReCiPe 2016 v1.03, midpoint (H) | climate change | global warming potential (GWP1000)",-35.53820715774971,standard,"(107293, 107293)",107293,107293,
prospect,msfsc,SSP5H_2050,prospective_conseq_IMAGE_SSP5H_2050_PERF,mtcw_foreground_prospective,msfsc,stageD_only,"ReCiPe 2016 v1.03, midpoint (H) | ecotoxicity: freshwater | freshwater ecotoxicity potential (FETP)",-1.9494707411611472,standard,"(107293, 107293)",107293,107293,
prospect,msfsc,SSP5H_2050,prospective_conseq_IMAGE_SSP5H_2050_PERF,mtcw_foreground_prospective,msfsc,stageD_only,"ReCiPe 2016 v1.03, midpoint (H) | ecotoxicity: marine | marine ecotoxicity potential (METP)",-2.7200831364622746,standard,"(107293, 107293)",107293,107293,
prospect,msfsc,SSP5H_2050,prospective_conseq_IMAGE_SSP5H_2050_PERF,mtcw_foreground_prospective,msfsc,stageD_only,"ReCiPe 2016 v1.03, midpoint (H) | ecotoxicity: terrestrial | terrestrial ecotoxicity potential (TETP)",-37.55834424762243,standard,"(107293, 107293)",107293,107293,
prospect,msfsc,SSP5H_2050,prospective_conseq_IMAGE_SSP5H_2050_PERF,mtcw_foreground_prospective,msfsc,stageD_only,"ReCiPe 2016 v1.03, midpoint (H) | energy resources: non-renewable, fossil | fossil fuel potential (FFP)",-10.231714684583373,standard,"(107293, 107293)",107293,107293,
prospect,msfsc,SSP5H_2050,prospective_conseq_IMAGE_SSP5H_2050_PERF,mtcw_foreground_prospective,msfsc,stageD_only,"ReCiPe 2016 v1.03, midpoint (H) | eutrophication: freshwater | freshwater eutrophication potential (FEP)",-0.006232818948977268,standard,"(107293, 107293)",107293,107293,
prospect,msfsc,SSP5H_2050,prospective_conseq_IMAGE_SSP5H_2050_PERF,mtcw_foreground_prospective,msfsc,stageD_only,"ReCiPe 2016 v1.03, midpoint (H) | eutrophication: marine | marine eutrophication potential (MEP)",-0.0006552106620662531,standard,"(107293, 107293)",107293,107293,
prospect,msfsc,SSP5H_2050,prospective_conseq_IMAGE_SSP5H_2050_PERF,mtcw_foreground_prospective,msfsc,stageD_only,"ReCiPe 2016 v1.03, midpoint (H) | human toxicity: carcinogenic | human toxicity potential (HTPc)",-42.66957755642234,standard,"(107293, 107293)",107293,107293,
prospect,msfsc,SSP5H_2050,prospective_conseq_IMAGE_SSP5H_2050_PERF,mtcw_foreground_prospective,msfsc,stageD_only,"ReCiPe 2016 v1.03, midpoint (H) | human toxicity: non-carcinogenic | human toxicity potential (HTPnc)",-37.29137777344562,standard,"(107293, 107293)",107293,107293,
prospect,msfsc,SSP5H_2050,prospective_conseq_IMAGE_SSP5H_2050_PERF,mtcw_foreground_prospective,msfsc,stageD_only,"ReCiPe 2016 v1.03, midpoint (H) | ionising radiation | ionising radiation potential (IRP)",0.020441144471942063,standard,"(107293, 107293)",107293,107293,
prospect,msfsc,SSP5H_2050,prospective_conseq_IMAGE_SSP5H_2050_PERF,mtcw_foreground_prospective,msfsc,stageD_only,"ReCiPe 2016 v1.03, midpoint (H) | land use | agricultural land occupation (LOP)",-0.5784564227511717,standard,"(107293, 107293)",107293,107293,
prospect,msfsc,SSP5H_2050,prospective_conseq_IMAGE_SSP5H_2050_PERF,mtcw_foreground_prospective,msfsc,stageD_only,"ReCiPe 2016 v1.03, midpoint (H) | material resources: metals/minerals | surplus ore potential (SOP)",-0.8689463490123026,standard,"(107293, 107293)",107293,107293,
prospect,msfsc,SSP5H_2050,prospective_conseq_IMAGE_SSP5H_2050_PERF,mtcw_foreground_prospective,msfsc,stageD_only,"ReCiPe 2016 v1.03, midpoint (H) | ozone depletion | ozone depletion potential (ODPinfinite)",-7.191021783989344e-06,standard,"(107293, 107293)",107293,107293,
prospect,msfsc,SSP5H_2050,prospective_conseq_IMAGE_SSP5H_2050_PERF,mtcw_foreground_prospective,msfsc,stageD_only,"ReCiPe 2016 v1.03, midpoint (H) | particulate matter formation | particulate matter formation potential (PMFP)",-0.0646490622806649,standard,"(107293, 107293)",107293,107293,
prospect,msfsc,SSP5H_2050,prospective_conseq_IMAGE_SSP5H_2050_PERF,mtcw_foreground_prospective,msfsc,stageD_only,"ReCiPe 2016 v1.03, midpoint (H) | photochemical oxidant formation: human health | photochemical oxidant formation potential: humans (HOFP)",-0.07514803597547634,standard,"(107293, 107293)",107293,107293,
prospect,msfsc,SSP5H_2050,prospective_conseq_IMAGE_SSP5H_2050_PERF,mtcw_foreground_prospective,msfsc,stageD_only,"ReCiPe 2016 v1.03, midpoint (H) | photochemical oxidant formation: terrestrial ecosystems | photochemical oxidant formation potential: ecosystems (EOFP)",-0.07979970899888598,standard,"(107293, 107293)",107293,107293,
prospect,msfsc,SSP5H_2050,prospective_conseq_IMAGE_SSP5H_2050_PERF,mtcw_foreground_prospective,msfsc,stageD_only,"ReCiPe 2016 v1.03, midpoint (H) | water use | water consumption potential (WCP)",-0.19544178423226677,standard,"(107293, 107293)",107293,107293,
prospect,msfsc,SSP5H_2050,prospective_conseq_IMAGE_SSP5H_2050_PERF,mtcw_foreground_prospective,msfsc,joint,"ReCiPe 2016 v1.03, midpoint (H) | climate change | global warming potential (GWP100)",-34.38199934226947,standard,"(107293, 107293)",107293,107293,
prospect,msfsc,SSP5H_2050,prospective_conseq_IMAGE_SSP5H_2050_PERF,mtcw_foreground_prospective,msfsc,joint,"ReCiPe 2016 v1.03, midpoint (H) | acidification: terrestrial | terrestrial acidification potential (TAP)",-0.21634790021020364,standard,"(107293, 107293)",107293,107293,
prospect,msfsc,SSP5H_2050,prospective_conseq_IMAGE_SSP5H_2050_PERF,mtcw_foreground_prospective,msfsc,joint,"ReCiPe 2016 v1.03, midpoint (H) | climate change | global warming potential (GWP1000)",-35.24645717534838,standard,"(107293, 107293)",107293,107293,
prospect,msfsc,SSP5H_2050,prospective_conseq_IMAGE_SSP5H_2050_PERF,mtcw_foreground_prospective,msfsc,joint,"ReCiPe 2016 v1.03, midpoint (H) | ecotoxicity: freshwater | freshwater ecotoxicity potential (FETP)",43.87588947653284,standard,"(107293, 107293)",107293,107293,
prospect,msfsc,SSP5H_2050,prospective_conseq_IMAGE_SSP5H_2050_PERF,mtcw_foreground_prospective,msfsc,joint,"ReCiPe 2016 v1.03, midpoint (H) | ecotoxicity: marine | marine ecotoxicity potential (METP)",51.81089649755783,standard,"(107293, 107293)",107293,107293,
prospect,msfsc,SSP5H_2050,prospective_conseq_IMAGE_SSP5H_2050_PERF,mtcw_foreground_prospective,msfsc,joint,"ReCiPe 2016 v1.03, midpoint (H) | ecotoxicity: terrestrial | terrestrial ecotoxicity potential (TETP)",-113.56879566737643,standard,"(107293, 107293)",107293,107293,
prospect,msfsc,SSP5H_2050,prospective_conseq_IMAGE_SSP5H_2050_PERF,mtcw_foreground_prospective,msfsc,joint,"ReCiPe 2016 v1.03, midpoint (H) | energy resources: non-renewable, fossil | fossil fuel potential (FFP)",-10.201440940044385,standard,"(107293, 107293)",107293,107293,
prospect,msfsc,SSP5H_2050,prospective_conseq_IMAGE_SSP5H_2050_PERF,mtcw_foreground_prospective,msfsc,joint,"ReCiPe 2016 v1.03, midpoint (H) | eutrophication: freshwater | freshwater eutrophication potential (FEP)",-0.008316086183467465,standard,"(107293, 107293)",107293,107293,
prospect,msfsc,SSP5H_2050,prospective_conseq_IMAGE_SSP5H_2050_PERF,mtcw_foreground_prospective,msfsc,joint,"ReCiPe 2016 v1.03, midpoint (H) | eutrophication: marine | marine eutrophication potential (MEP)",-0.00047306065980033077,standard,"(107293, 107293)",107293,107293,
prospect,msfsc,SSP5H_2050,prospective_conseq_IMAGE_SSP5H_2050_PERF,mtcw_foreground_prospective,msfsc,joint,"ReCiPe 2016 v1.03, midpoint (H) | human toxicity: carcinogenic | human toxicity potential (HTPc)",-40.14546094208935,standard,"(107293, 107293)",107293,107293,
prospect,msfsc,SSP5H_2050,prospective_conseq_IMAGE_SSP5H_2050_PERF,mtcw_foreground_prospective,msfsc,joint,"ReCiPe 2016 v1.03, midpoint (H) | human toxicity: non-carcinogenic | human toxicity potential (HTPnc)",-66.79803084484436,standard,"(107293, 107293)",107293,107293,
prospect,msfsc,SSP5H_2050,prospective_conseq_IMAGE_SSP5H_2050_PERF,mtcw_foreground_prospective,msfsc,joint,"ReCiPe 2016 v1.03, midpoint (H) | ionising radiation | ionising radiation potential (IRP)",0.012222695210679476,standard,"(107293, 107293)",107293,107293,
prospect,msfsc,SSP5H_2050,prospective_conseq_IMAGE_SSP5H_2050_PERF,mtcw_foreground_prospective,msfsc,joint,"ReCiPe 2016 v1.03, midpoint (H) | land use | agricultural land occupation (LOP)",-0.8480887648394196,standard,"(107293, 107293)",107293,107293,
prospect,msfsc,SSP5H_2050,prospective_conseq_IMAGE_SSP5H_2050_PERF,mtcw_foreground_prospective,msfsc,joint,"ReCiPe 2016 v1.03, midpoint (H) | material resources: metals/minerals | surplus ore potential (SOP)",-0.7388703335063589,standard,"(107293, 107293)",107293,107293,
prospect,msfsc,SSP5H_2050,prospective_conseq_IMAGE_SSP5H_2050_PERF,mtcw_foreground_prospective,msfsc,joint,"ReCiPe 2016 v1.03, midpoint (H) | ozone depletion | ozone depletion potential (ODPinfinite)",-8.179214612532822e-06,standard,"(107293, 107293)",107293,107293,
prospect,msfsc,SSP5H_2050,prospective_conseq_IMAGE_SSP5H_2050_PERF,mtcw_foreground_prospective,msfsc,joint,"ReCiPe 2016 v1.03, midpoint (H) | particulate matter formation | particulate matter formation potential (PMFP)",-0.07500990582396261,standard,"(107293, 107293)",107293,107293,
prospect,msfsc,SSP5H_2050,prospective_conseq_IMAGE_SSP5H_2050_PERF,mtcw_foreground_prospective,msfsc,joint,"ReCiPe 2016 v1.03, midpoint (H) | photochemical oxidant formation: human health | photochemical oxidant formation potential: humans (HOFP)",-0.083376858880051,standard,"(107293, 107293)",107293,107293,
prospect,msfsc,SSP5H_2050,prospective_conseq_IMAGE_SSP5H_2050_PERF,mtcw_foreground_prospective,msfsc,joint,"ReCiPe 2016 v1.03, midpoint (H) | photochemical oxidant formation: terrestrial ecosystems | photochemical oxidant formation potential: ecosystems (EOFP)",-0.08819988839883515,standard,"(107293, 107293)",107293,107293,
prospect,msfsc,SSP5H_2050,prospective_conseq_IMAGE_SSP5H_2050_PERF,mtcw_foreground_prospective,msfsc,joint,"ReCiPe 2016 v1.03, midpoint (H) | water use | water consumption potential (WCP)",-0.18711342040606263,standard,"(107293, 107293)",107293,107293,
prospect,msfsc,SSP5H_2050,prospective_conseq_IMAGE_SSP5H_2050_PERF,mtcw_foreground_prospective,msfsc,staged_total,"ReCiPe 2016 v1.03, midpoint (H) | climate change | global warming potential (GWP100)",-34.38199934226947,standard,"(107293, 107293)",107293,107293,
prospect,msfsc,SSP5H_2050,prospective_conseq_IMAGE_SSP5H_2050_PERF,mtcw_foreground_prospective,msfsc,staged_total,"ReCiPe 2016 v1.03, midpoint (H) | acidification: terrestrial | terrestrial acidification potential (TAP)",-0.21634790021020364,standard,"(107293, 107293)",107293,107293,
prospect,msfsc,SSP5H_2050,prospective_conseq_IMAGE_SSP5H_2050_PERF,mtcw_foreground_prospective,msfsc,staged_total,"ReCiPe 2016 v1.03, midpoint (H) | climate change | global warming potential (GWP1000)",-35.24645717534838,standard,"(107293, 107293)",107293,107293,
prospect,msfsc,SSP5H_2050,prospective_conseq_IMAGE_SSP5H_2050_PERF,mtcw_foreground_prospective,msfsc,staged_total,"ReCiPe 2016 v1.03, midpoint (H) | ecotoxicity: freshwater | freshwater ecotoxicity potential (FETP)",43.875889476532834,standard,"(107293, 107293)",107293,107293,
prospect,msfsc,SSP5H_2050,prospective_conseq_IMAGE_SSP5H_2050_PERF,mtcw_foreground_prospective,msfsc,staged_total,"ReCiPe 2016 v1.03, midpoint (H) | ecotoxicity: marine | marine ecotoxicity potential (METP)",51.81089649755781,standard,"(107293, 107293)",107293,107293,
prospect,msfsc,SSP5H_2050,prospective_conseq_IMAGE_SSP5H_2050_PERF,mtcw_foreground_prospective,msfsc,staged_total,"ReCiPe 2016 v1.03, midpoint (H) | ecotoxicity: terrestrial | terrestrial ecotoxicity potential (TETP)",-113.56879566737643,standard,"(107293, 107293)",107293,107293,
prospect,msfsc,SSP5H_2050,prospective_conseq_IMAGE_SSP5H_2050_PERF,mtcw_foreground_prospective,msfsc,staged_total,"ReCiPe 2016 v1.03, midpoint (H) | energy resources: non-renewable, fossil | fossil fuel potential (FFP)",-10.201440940044387,standard,"(107293, 107293)",107293,107293,
prospect,msfsc,SSP5H_2050,prospective_conseq_IMAGE_SSP5H_2050_PERF,mtcw_foreground_prospective,msfsc,staged_total,"ReCiPe 2016 v1.03, midpoint (H) | eutrophication: freshwater | freshwater eutrophication potential (FEP)",-0.008316086183467467,standard,"(107293, 107293)",107293,107293,
prospect,msfsc,SSP5H_2050,prospective_conseq_IMAGE_SSP5H_2050_PERF,mtcw_foreground_prospective,msfsc,staged_total,"ReCiPe 2016 v1.03, midpoint (H) | eutrophication: marine | marine eutrophication potential (MEP)",-0.00047306065980033077,standard,"(107293, 107293)",107293,107293,
prospect,msfsc,SSP5H_2050,prospective_conseq_IMAGE_SSP5H_2050_PERF,mtcw_foreground_prospective,msfsc,staged_total,"ReCiPe 2016 v1.03, midpoint (H) | human toxicity: carcinogenic | human toxicity potential (HTPc)",-40.14546094208935,standard,"(107293, 107293)",107293,107293,
prospect,msfsc,SSP5H_2050,prospective_conseq_IMAGE_SSP5H_2050_PERF,mtcw_foreground_prospective,msfsc,staged_total,"ReCiPe 2016 v1.03, midpoint (H) | human toxicity: non-carcinogenic | human toxicity potential (HTPnc)",-66.79803084484438,standard,"(107293, 107293)",107293,107293,
prospect,msfsc,SSP5H_2050,prospective_conseq_IMAGE_SSP5H_2050_PERF,mtcw_foreground_prospective,msfsc,staged_total,"ReCiPe 2016 v1.03, midpoint (H) | ionising radiation | ionising radiation potential (IRP)",0.01222269521067946,standard,"(107293, 107293)",107293,107293,
prospect,msfsc,SSP5H_2050,prospective_conseq_IMAGE_SSP5H_2050_PERF,mtcw_foreground_prospective,msfsc,staged_total,"ReCiPe 2016 v1.03, midpoint (H) | land use | agricultural land occupation (LOP)",-0.8480887648394199,standard,"(107293, 107293)",107293,107293,
prospect,msfsc,SSP5H_2050,prospective_conseq_IMAGE_SSP5H_2050_PERF,mtcw_foreground_prospective,msfsc,staged_total,"ReCiPe 2016 v1.03, midpoint (H) | material resources: metals/minerals | surplus ore potential (SOP)",-0.7388703335063587,standard,"(107293, 107293)",107293,107293,
prospect,msfsc,SSP5H_2050,prospective_conseq_IMAGE_SSP5H_2050_PERF,mtcw_foreground_prospective,msfsc,staged_total,"ReCiPe 2016 v1.03, midpoint (H) | ozone depletion | ozone depletion potential (ODPinfinite)",-8.179214612532822e-06,standard,"(107293, 107293)",107293,107293,
prospect,msfsc,SSP5H_2050,prospective_conseq_IMAGE_SSP5H_2050_PERF,mtcw_foreground_prospective,msfsc,staged_total,"ReCiPe 2016 v1.03, midpoint (H) | particulate matter formation | particulate matter formation potential (PMFP)",-0.07500990582396261,standard,"(107293, 107293)",107293,107293,
prospect,msfsc,SSP5H_2050,prospective_conseq_IMAGE_SSP5H_2050_PERF,mtcw_foreground_prospective,msfsc,staged_total,"ReCiPe 2016 v1.03, midpoint (H) | photochemical oxidant formation: human health | photochemical oxidant formation potential: humans (HOFP)",-0.083376858880051,standard,"(107293, 107293)",107293,107293,
prospect,msfsc,SSP5H_2050,prospective_conseq_IMAGE_SSP5H_2050_PERF,mtcw_foreground_prospective,msfsc,staged_total,"ReCiPe 2016 v1.03, midpoint (H) | photochemical oxidant formation: terrestrial ecosystems | photochemical oxidant formation potential: ecosystems (EOFP)",-0.08819988839883515,standard,"(107293, 107293)",107293,107293,
prospect,msfsc,SSP5H_2050,prospective_conseq_IMAGE_SSP5H_2050_PERF,mtcw_foreground_prospective,msfsc,staged_total,"ReCiPe 2016 v1.03, midpoint (H) | water use | water consumption potential (WCP)",-0.18711342040606266,standard,"(107293, 107293)",107293,107293,
